Kicking of our  @EPPGroup  bureau meeting in Rome with  @Antonio_Tajani  and  @HerbertDorfmann  today. Important debates on agriculture, migration and jobs for next generations. #EPPRome21 #VerticePPE  @forza_italia  @SVP_Suedtirol 2 12 55	neutral	0.0	{'neg': 0.0, 'neu': 1.0, 'pos': 0.0, 'compound': 0.0}
Tyler Kingkade @tylerkingkade  Â· 6. Jan. 2021 MAGA protesters are spraying pepper spray back at police on Capitol Hill https://twitter.com/KBoomhauer/status/1346883995410132992/video/1â€¦ 9 3 22	neutral	0.0	{'neg': 0.0, 'neu': 1.0, 'pos': 0.0, 'compound': 0.0}
 Jetzt LIVE - Pressestatement zu den Ergebnissen der Vorsondierungen mit CSU-Chef  @Markus_Soeder .  Hier gehtâ€˜s zum Stream: youtube.com Pressestatement des Parteivorsitzenden Markus SÃ¶der 3 3 15	neutral	0.0	{'neg': 0.0, 'neu': 1.0, 'pos': 0.0, 'compound': 0.0}
Die Ergebnisse unser  @csu_bt -Klausurtagung gibt es unter http://richtung21.de #RICHTUNG21 richtung21.de Richtung 21 Startseite - Richtung21 9 5 6	neutral	0.0	{'neg': 0.0, 'neu': 1.0, 'pos': 0.0, 'compound': 0.0}
1:0 Kinsombi #nurderHSV 4	neutral	0.0	{'neg': 0.0, 'neu': 1.0, 'pos': 0.0, 'compound': 0.0}
Auch den Menschen, die aus gesundheitlichen GrÃ¼nden nicht geimpft werden kÃ¶nnen, sind wir verpflichtet. Neben einer EU-#Impfstrategie brauchen wir deshalb auch eine EU-#Therapiestrategie, um rasch Behandlungen und Arzneimittel zu entwickeln. #COVID19 #EU 4 8	neutral	0.0	{'neg': 0.0, 'neu': 1.0, 'pos': 0.0, 'compound': 0.0}
Wir haben diese Woche unsere Sprecherinnen und Sprecher festgelegt - die wir Euch hier nach und nach vorstellen wollen.  Heute: Die Themen des AK2 - Wirtschaft, Klima, Arbeit und Soziales  23 16 76	neutral	0.0	{'neg': 0.0, 'neu': 1.0, 'pos': 0.0, 'compound': 0.0}
#Merkeltruppe  Markus Feldenkirchen @MFeldenkirchen  Â· 21. Aug. 2021 Ich mÃ¶chte eine Substantivierung kaufen 13 13 60	neutral	0.0	{'neg': 0.0, 'neu': 1.0, 'pos': 0.0, 'compound': 0.0}
This.  Robert Franken @herrfranken  Â· 6. Sep. 2021 Was, wenn...? <thread>  #diversity #equity #inclusion #GenderEquality Diesen Thread anzeigen 1 9	neutral	0.0	{'neg': 0.0, 'neu': 1.0, 'pos': 0.0, 'compound': 0.0}
Pressekonferenz mit BundesgeschÃ¤ftsfÃ¼hrer  @JoergSchindler  #DieLinke 22:28 2.068 Zuschauer DIE LINKE @dieLinke pscp.tv Pressekonferenz mit BundesgeschÃ¤ftsfÃ¼hrer @JoergSchindler #DieLinke 3 5 22	neutral	0.0	{'neg': 0.0, 'neu': 1.0, 'pos': 0.0, 'compound': 0.0}
Gleich gehtâ€™s los. #bereitweilihresseid #allesistdrin  2 23 111	neutral	0.0	{'neg': 0.0, 'neu': 1.0, 'pos': 0.0, 'compound': 0.0}
"Heute hat der erste Landkreis in Nordrhein-Westfalen eine Inzidenz von Null. Es bleibt dabei: Auch in Pandemie-Zeiten gilt die Verfassung. EinschrÃ¤nkungen von Grundrechten mÃ¼ssen immer verhÃ¤ltnismÃ¤ÃŸig sein. #AusGruenden Staatskanzlei NRW @landnrw  Â· 25. Juni 2021 ""Und deshalb muss man vorsichtig bleiben, #Delta im Blick habenâ€œ, sagte MinisterprÃ¤sident @ArminLaschet in der Pressekonferenz am Mittwoch. Hier ist seine gesamte Aussage mit Kontext. #Servicetweet 327 95 492"	neutral	0.0258	{'neg': 0.0, 'neu': 0.983, 'pos': 0.017, 'compound': 0.0258}
Meine Anfragen an die #Bundesregierung. Thema heute:  Von Deutschland gezahlte Entwicklungshilfe an China & Indien (Antwortim Link!) https://brandner-im-bundestag.de/anfragen/schriftliche-frage-8082-august-2021.htmlâ€¦ #AfD #Brandnerfragtnach #wirhabendasDirektmandat #Deutschlandabernormal #WK194 #Berlin #Bundestag #Brandner 59 56 215	neutral	0.0	{'neg': 0.0, 'neu': 1.0, 'pos': 0.0, 'compound': 0.0}
Heute werde ich eine Initiative zur verpflichtenden #Kennzeichnung verarbeiteter #Eier einbringen beim EU-#Agrarrat. Bei rohen Eiern kÃ¶nnen Verbraucherinnen und Verbraucher bereits heute erkennen, wie die Legehennen gehalten wurden. Das ermÃ¶glicht eine bewusste Kaufentscheidung. 26 15 78	neutral	0.0	{'neg': 0.0, 'neu': 1.0, 'pos': 0.0, 'compound': 0.0}
Kinder und Jugendliche haben im letzten Jahr kaum eine Rolle gespielt. Die Bundesregierung muss das Wohl der Kinder jetzt stÃ¤rker in den Blick nehmen, damit BildungslÃ¼cken aufgeholt und soziale Folgen abgefedert werden kÃ¶nnen. #kindertag #teilzeitministerin 13 77	neutral	0.0	{'neg': 0.0, 'neu': 1.0, 'pos': 0.0, 'compound': 0.0}
 #AllesIstDrin #bereitweilihresseid #dBDK21 4 70	neutral	0.0	{'neg': 0.0, 'neu': 1.0, 'pos': 0.0, 'compound': 0.0}
Rolf #MÃ¼tzenich vor der SPD-Fraktionssitzung: SPD-Fraktion im Bundestag @spdbt Rolf #MÃ¼tzenich vor der SPD-Fraktionssitzung: 3 3 14	neutral	0.0	{'neg': 0.0, 'neu': 1.0, 'pos': 0.0, 'compound': 0.0}
Wenn es #SÃ¶der nÃ¼tzt, wird er vermutlich auch noch den Hashtag #NieMehrCDU verwenden. 25 49 478	neutral	0.0	{'neg': 0.0, 'neu': 1.0, 'pos': 0.0, 'compound': 0.0}
Ist der #DÃ¼rresommer gemeint? OTZ Online @OTZonline  Â· 4. Aug. 2021 Wettervorhersage: Wetter im August: Ist der Sommer schon jetzt vorbei? https://otz.de/leben/vermischtes/wetter-august-vorhersage-prognose-sommer-id232966963.html?utm_term=Autofeed&utm_campaign=Echobox&utm_medium=Social&utm_source=Twitter#Echobox=1628096674â€¦ 62 10 72	neutral	0.0	{'neg': 0.0, 'neu': 1.0, 'pos': 0.0, 'compound': 0.0}
 der heutigen #Wahlkreistour12 - Autokorso    #Naitschau/Greiz folgen. Morgen dann: #Wahlkreistour13 #AfD #Brandnerunterwegs #ThÃ¼ringen #Deutschlandabernormal #wirholendasDirektmandat #Gera #Greiz #Altenburg #AltenburgerLand #WK194 #Berlin #Bundestag #Brandner 22 5 38	neutral	0.0	{'neg': 0.0, 'neu': 1.0, 'pos': 0.0, 'compound': 0.0}
Kreis Ahrweiler @KreisAhrweiler  Â· 15. Juli 2021 Update #KreisAhrweiler: Derzeit wird von rund 1300 Vermissten ausgegangen; circa 3500 Menschen sind in Betreuungseinrichtungen untergebracht. Aufgrund der komplexen Schadenslage ist eine abschlieÃŸende Beurteilung der Situation noch nicht mÃ¶glich. Infos: http://bit.ly/3ref7Iz 2 27	neutral	0.0	{'neg': 0.0, 'neu': 1.0, 'pos': 0.0, 'compound': 0.0}
Erster Stopp der #RÃ¶ttgenRallye heute bei der CDU Wuppertal. Wir haben natÃ¼rlich Ã¼ber die Zukunft der #CDU gesprochen & insbesondere Ã¼ber das C. Das christliche Menschenbild als Wertefundament ist unser Alleinstellungsmerkmal, daraus leitet sich unsere Politik ab. #jetztabervoran 9 6 79	neutral	0.0	{'neg': 0.0, 'neu': 1.0, 'pos': 0.0, 'compound': 0.0}
Er kÃ¶nnte ja noch InsassenprÃ¤sident in San Quentin werden... Karl Doemens @Doppelgeist60  Â· 8. Jan. 2021 Immerhin: Er scheint nicht der nÃ¤chste PrÃ¤sident zu werden.  twitter.com/realDonaldTrumâ€¦ 27 3 15	neutral	0.0	{'neg': 0.0, 'neu': 1.0, 'pos': 0.0, 'compound': 0.0}
Presseinfo Albert #Rupprecht &  @PeterWeissMdB : â€žSommer der Berufsbildungâ€œ cducsu.de â€žSommer der Berufsbildungâ€œ Heute findet der erste Aktionstag der Initiative â€žSommer der Berufsbildungâ€œ der Allianz fÃ¼r Aus- und Weiterbildung statt. Unter dem Motto â€žBerufliche Lernorte - echt.nachhaltig.digitalâ€œ besuc... 2 6	neutral	0.0	{'neg': 0.0, 'neu': 1.0, 'pos': 0.0, 'compound': 0.0}
Heute beginnen fÃ¼r uns Sondierungen. Die  @spdberlin  lud uns ins Kurt-Schuhmacher-Haus und wir nahmen die Einladung gern an. Jetzt sprechen  @SeeroiberJenny  @schatzbln  @Katina_Schubert  @sebastiank  und  @klauslederer  mit dem Team der SPD. 24 24 179	neutral	0.0	{'neg': 0.0, 'neu': 1.0, 'pos': 0.0, 'compound': 0.0}
Drei Schuss 'ne Mark. 112 114 2.744	neutral	0.0	{'neg': 0.0, 'neu': 1.0, 'pos': 0.0, 'compound': 0.0}
Kann ich mit Blick auf meine Kommentarspalten nur bestÃ¤tigen. 148 675 7.942	neutral	0.0	{'neg': 0.0, 'neu': 1.0, 'pos': 0.0, 'compound': 0.0}
Immerhin Rauhreif, wenn schon kein Schnee an diesem eiskalten Wintermorgen im Norden. 11 2 13	neutral	0.0	{'neg': 0.0, 'neu': 1.0, 'pos': 0.0, 'compound': 0.0}
Hallo Kanzler. 14 7 645	neutral	0.0	{'neg': 0.0, 'neu': 1.0, 'pos': 0.0, 'compound': 0.0}
WÃ¤hrend in Deutschland bei #Fitfor55  @peteraltmaier  und #Laschet vor zu viel #Klimaschutz warnen, nehmen die #USA mit  @JohnKerry  die jÃ¼ngsten Wetterkatastrophen zum Anlass, sogar mit #Putin zusammen zu arbeiten ... rferl.org U.S. Envoy Kerry, Putin Agree On Shared Interest In Climate Change U.S. climate envoy John Kerry and Russian President Vladimir Putin agreed in a phone call on July 14 that the United States and Russia should work together on climate issues, the U.S. State Departm... 2 3 28	neutral	0.0	{'neg': 0.0, 'neu': 1.0, 'pos': 0.0, 'compound': 0.0}
Wir berichten heute live aus dem Untersuchungsausschuss Maut, in dem @AndiScheuer selbst als letzter Zeuge befragt wird.  3 5 51	neutral	0.0	{'neg': 0.0, 'neu': 1.0, 'pos': 0.0, 'compound': 0.0}
Weiter gehtâ€™s mit der nÃ¤chsten #Talkrunde: Unsere Kandidierenden fÃ¼r den Bundestag  @HESommer ,  @pascalmeiser  und @UdoWolfMdA im GesprÃ¤ch. 3 11 26	neutral	0.0	{'neg': 0.0, 'neu': 1.0, 'pos': 0.0, 'compound': 0.0}
Full agenda for today's #GAC meeting of European Affairs Ministers: #RuleOfLaw dialogue (also discussing in detail), #COVID19 #DigitalGreenCertificate, Conference on the Future of, enlargement and -relations! A lot on our plate, to say the least. In for a long VTC-day! 7 18	neutral	0.0	{'neg': 0.0, 'neu': 1.0, 'pos': 0.0, 'compound': 0.0}
â€žWir sind vielleicht alle auf verschiedenen Schiffen angereist, sitzen aber jetzt im selben Boot.â€œ  #MartinLutherKing #blacklivesmatter #racism #ihaveadream 5 39 525	neutral	0.0	{'neg': 0.0, 'neu': 1.0, 'pos': 0.0, 'compound': 0.0}
Bin seit Kindheit Fan von Marvel-Comics, neben Spiderman besonders Avengers wie Captain America #ZeigtHerEureTassen 561 145 1.743	neutral	0.0	{'neg': 0.0, 'neu': 1.0, 'pos': 0.0, 'compound': 0.0}
Deshalb muss Peter Altmaier gehen! #Coronahilfen 4 26 137	neutral	0.0	{'neg': 0.0, 'neu': 1.0, 'pos': 0.0, 'compound': 0.0}
Presseinfo @kleikert :  Jetzt muss Johnson Farbe bekennen cducsu.de Jetzt muss Johnson Farbe bekennen Der VizeprÃ¤sident der EU-Kommission, Maros Å efÄoviÄ, hat am gestrigen Mittwoch die KompromissvorschlÃ¤ge der EU zur weiteren Anwendung des Nordirland-Protokolls vorgestellt. ... 2 7 12	neutral	0.0	{'neg': 0.0, 'neu': 1.0, 'pos': 0.0, 'compound': 0.0}
"Morgen geben wir in Bochum ab 11 Uhr den Startschuss fÃ¼r die heiÃŸe Wahlkampfphase!  Seid live dabei:  https://link.spd.de/bochumtw  Vorab gibt's schon einen sozialdemokratischen GruÃŸ von Sebastian StrÃ¶bel, der nicht nur Schauspieler (""Die Bergretter""), sondern auch Genosse ist! 13 23 109"	neutral	0.0	{'neg': 0.0, 'neu': 1.0, 'pos': 0.0, 'compound': 0.0}
Das war der  @kaiwegner  ... 8 10 73	neutral	0.0	{'neg': 0.0, 'neu': 1.0, 'pos': 0.0, 'compound': 0.0}
"Pressemitteilung Der #Bundestagsausschuss fÃ¼r Kultur und Medien hat ein FachgesprÃ¤ch zur #Geschlechtergerechtigkeit im Kulturbetrieb durchgefÃ¼hrt. Dazu erklÃ¤ren  @ElisabethMotsc1  +  @YvonneMagwas : ""KÃ¼nstlerinnen sind nach wie vor benachteiligt"" cducsu.de KÃ¼nstlerinnen sind nach wie vor benachteiligt Der Bundestagsausschuss fÃ¼r Kultur und Medien hat am gestrigen Mittwoch ein FachgesprÃ¤ch zur Geschlechtergerechtigkeit im Kultur- und Medienbetrieb durchgefÃ¼hrt. Dazu erklÃ¤ren die kultur- und... 1 3 5"	neutral	0.0	{'neg': 0.0, 'neu': 1.0, 'pos': 0.0, 'compound': 0.0}
" Starten Sie mit uns die #AfD-Spendenrakete ""Aktion fÃ¼r #Deutschland""! #btw21 Unser Wahlkampf braucht Schub! #abernormal Stand 02.06.2021: 80.244 â‚¬ JETZT unterstÃ¼tzen:  http://afd.de/spenden 13 31 98"	neutral	0.0	{'neg': 0.0, 'neu': 1.0, 'pos': 0.0, 'compound': 0.0}
Heute ist der Tag der Entscheidung: â¦ @OlafScholz â© oder Laschet? Weil Deutschland einen Bundeskanzler braucht, der es kann: Beide Stimmen fÃ¼r die  @Spdde  #ScholzPacktDasan 32 26 234	neutral	0.0	{'neg': 0.0, 'neu': 1.0, 'pos': 0.0, 'compound': 0.0}
#Wechselstimmung 4 4 118	neutral	0.0	{'neg': 0.0, 'neu': 1.0, 'pos': 0.0, 'compound': 0.0}
Nun haben die drei Kandidaten das Wort. Verfolgen Sie die Reden von  @ArminLaschet ,  @_FriedrichMerz  und  @n_roettgen  in unserem Livestream.   https://cdu-parteitag.de #cdupt21 #cduvorsitz cdu-parteitag.de Startseite 34. Parteitag der CDU Deutschlands 12 13 33	neutral	0.0	{'neg': 0.0, 'neu': 1.0, 'pos': 0.0, 'compound': 0.0}
Donnerstag, 11:30 Uhr, Statement zum Urteil im Mordfall Walter LÃ¼bcke  @fdpbt 1 2 45	neutral	0.0	{'neg': 0.0, 'neu': 1.0, 'pos': 0.0, 'compound': 0.0}
Morgen geht es los mit det #ldknds in #Oldenburg und der Bundestagsliste der  @gruenelvnds 1.149 Mal angezeigt 0:02 / 0:39 1 24	neutral	0.0	{'neg': 0.0, 'neu': 1.0, 'pos': 0.0, 'compound': 0.0}
Heute digitale Sitzung des Landesparteirates der SPD und spÃ¤ter Abstimmungsrunden im SPD Kreisverband Pinneberg. 2 4	neutral	0.0	{'neg': 0.0, 'neu': 1.0, 'pos': 0.0, 'compound': 0.0}
. @jankortemdb  zum #TagdesGrundgesetzes: #Grundgesetz und #Grundrechte krisenfest machen - https://tinyurl.com/kf4sbfwt 2 8 44	neutral	0.0	{'neg': 0.0, 'neu': 1.0, 'pos': 0.0, 'compound': 0.0}
 Heute Abend um 18:30 Uhr ist  @ABaerbock  beim Forum der Frankfurter Rundschau  @FR  zu Gast und beantwortet die Fragen der Leserinnen und Leser. Hier kÃ¶nnt ihr die Veranstaltung live mitverfolgen.  fr.de Annalena Baerbock bei der Frankfurter Rundschau Die Kanzlerkandidatin der GrÃ¼nen, Annalena Baerbock, stellt sich am Mittwochabend in Frankfurt den Fragen der FR-Leser:innen. 30 48 233	neutral	0.0	{'neg': 0.0, 'neu': 1.0, 'pos': 0.0, 'compound': 0.0}
"Falls ihr es gestern verpasst habt, hier gibtâ€˜s die gesamte Sendung https://www1.wdr.de/daserste/hartaberfair/videos/video-offener-kampf-bei-den-schwarzen-harmonie-bei-den-gruenen-wie-findet-man-die-besten-fuers-kanzleramt-102.htmlâ€¦ ...   ... Und hier gibtâ€˜s  @KuehniKev , der das Problem auf den Punkt trifft  hart aber fair @hartaberfair  Â· 19. Apr. ""Seit Wochen weiÃŸ niemand, wofÃ¼r Markus #Soeder und Armin #Laschet inhaltlich stehen. Dabei sind wir nur noch fÃ¼nf Monate vor der #Wahl"", kritisiert der stellv. @spdde-Parteivorsitzende @KuehniKev bei #hartaberfair @DasErste.  #LaschetvsSoeder #KFrage 17 12 50"	neutral	0.0258	{'neg': 0.069, 'neu': 0.889, 'pos': 0.042, 'compound': 0.0258}
#AlleingegendieMafia... #nurnochAfD! 27 11 73	neutral	0.0	{'neg': 0.0, 'neu': 1.0, 'pos': 0.0, 'compound': 0.0}
Wer 2020 #Kurzarbeitergeld bekam, muss dieses Jahr eine SteuererklÃ¤rung machen & mit schlechtestenfalls mit einer Nachzahlung rechnen.  @Linksfraktion  hat Antrag gestellt, der das verhindert hÃ¤tte.  Wer hat's wohl verhindert? ... katja-kipping.de Kurzarbeitergeld und Progressionsvorbehalt Millionen Menschen waren letztes Jahr in Kurzarbeit. Wenn sie vorher keine SteuererklÃ¤rung machen mussten, mÃ¼ssen sie dies nun. Grund ist der sogenannte Progressionsvorbehalt. Schlechtestenfalls... 9 18 66	neutral	0.0	{'neg': 0.0, 'neu': 1.0, 'pos': 0.0, 'compound': 0.0}
Katja DÃ¶rner @katjadoerner  Â· 5. Nov. 2021 Heute vor einem Jahr - schon viel passiert und noch viel vor, in und mit #bonn  1 1 54	neutral	0.0	{'neg': 0.0, 'neu': 1.0, 'pos': 0.0, 'compound': 0.0}
Heute Abend ist Robert Habeck bei maybrit illner zu Gast.  Einschalten um 22:25 Uhr im  @ZDF  oder anschlieÃŸend in der Mediathek schauen. 105 104 717	neutral	0.0	{'neg': 0.0, 'neu': 1.0, 'pos': 0.0, 'compound': 0.0}
Nachdem ich mit #PaulaRoterWahlkampfbus bei der #StegnerTourBundestag21 48 der 49 Gemeinden und StÃ¤dte im Wahlkreis Pinneberg besucht habe, folgt heute (ohne Bus ) die 49. Station auf Helgoland. 4 1 11	neutral	0.0	{'neg': 0.0, 'neu': 1.0, 'pos': 0.0, 'compound': 0.0}
Jetzt vormerken: das #Statement von  @rbrinkhaus  vor der #Fraktionssitzung.  Heute ab 14:30 Uhr - live verfolgen auf  http://cducsu.de/livestream 49 6 12	neutral	0.0	{'neg': 0.0, 'neu': 1.0, 'pos': 0.0, 'compound': 0.0}
Wir stehen klar zu unserer Botschaft: #Freiheit vor Staat, #Erwirtschaften vor Verteilen, #Erfinden vor Verbieten, so  @c_lindner . #Bundestag 33 63 599	neutral	0.0258	{'neg': 0.094, 'neu': 0.809, 'pos': 0.098, 'compound': 0.0258}
Unsere Vorsitzende  @Amira_M_Ali  fordert im Interview mit dem #Deutschlandfunk: Die #Corona-MaÃŸnahmen mÃ¼ssen endlich Ã¶ffentlich im #Parlament diskutiert werden! Wir mÃ¼ssen weg von diesen Bund-LÃ¤nder-Runden hinter verschlossenen TÃ¼ren. - Das ganze Interview: https://tinyurl.com/2abjf969 4 11 36	neutral	0.0	{'neg': 0.0, 'neu': 1.0, 'pos': 0.0, 'compound': 0.0}
Hier eine Ãœbersicht, welcher Impfstoff gegen welche Varianten wirkt. Es ist nicht damit zu rechnen, dass sich kurzfristig Varianten entwickeln, gegen die die 1. Generation Impfstoffe nicht wirken wÃ¼rden. Im Herbst kann das anders aussehen. Eric Topol @EricTopol  Â· 2. Mai We are fortunate that vaccines induce such a strong immune response and provide protection from all of the virus variants that have evolved to date Diesen Thread anzeigen 235 385 2.374	neutral	0.0	{'neg': 0.0, 'neu': 1.0, 'pos': 0.0, 'compound': 0.0}
Heute: #Bundesvorstand #Kreisvorstand #Gera-#Jena-#SHK, Fraktionssitzung (#Gewinnerstadt)& internationale â€žStÃ¤rkungenâ€œ #AfD #ThÃ¼ringen #Deutschlandabernormal #wirholendasDirektmandat #Brandnerunterwegs #Greiz #Altenburg #AltenburgerLand #WK194 #Berlin #Bundestag #Brandner 21 3 30	neutral	0.0	{'neg': 0.0, 'neu': 1.0, 'pos': 0.0, 'compound': 0.0}
 Das Ergebnis der MinisterprÃ¤sident*innen-Konferenz - jetzt live!  tagesschau Eil @tagesschau_eil  Â· 10. Aug. Jetzt live: Sondersendung zu den Beratungen in Sachen Corona-Pandemie und Flukatastrophe http://tagesschau.de 9 5 32	neutral	0.0	{'neg': 0.0, 'neu': 1.0, 'pos': 0.0, 'compound': 0.0}
Momentum > Manufactum 37 15 399	neutral	0.0	{'neg': 0.0, 'neu': 1.0, 'pos': 0.0, 'compound': 0.0}
Winterlicher Ausblick heute Morgen. SpÃ¤ter ins Kieler BÃ¼ro. PressegesprÃ¤che und Schaltkonferenzen auf dem Tagesprogramm. 45 3 6	neutral	0.0	{'neg': 0.0, 'neu': 1.0, 'pos': 0.0, 'compound': 0.0}
#Myanmar The Guardian @guardian  Â· 30. Nov. 2021 Argentina court to investigate Myanmar war crimes against Rohingya Muslims https://theguardian.com/world/2021/nov/29/argentina-court-myanmar-war-crimes-rohingya?utm_term=Autofeed&CMP=twt_gu&utm_medium&utm_source=Twitter#Echobox=1638218225â€¦ 5	neutral	0.0	{'neg': 0.0, 'neu': 1.0, 'pos': 0.0, 'compound': 0.0}
Seit Ã¼ber einem Jahr im #Dauerlockdown - Eingriffe in Grund- und #Freiheitsrechte  Newsletter lesen und abonnieren: https://goetz-froemming.de/newsletter 0:29 238 Mal angezeigt 7 20	neutral	0.0	{'neg': 0.0, 'neu': 1.0, 'pos': 0.0, 'compound': 0.0}
 Live aus dem Konrad-Adenauer-Haus: Statement von GeneralsekretÃ¤r  @paulziemiak  zu den Ergebnissen der Landtagswahlen in #RheinlandPfalz und #BadenWÃ¼rttemberg. #ltwbw21 #ltwrlp21 #Landtagswahl2021 CDU Deutschlands @CDU  Live aus dem Konrad-Adenauer-Haus: Statement von GeneralsekretÃ¤r @paulziemiak zu den Ergebnissen der Landtagswahlen in #RheinlandPfalz und #BadenWÃ¼rttemberg. #ltwbw21 #ltwrlp21 #Landtagswahl2021 27 12 29	neutral	0.0	{'neg': 0.0, 'neu': 1.0, 'pos': 0.0, 'compound': 0.0}
Es muss mit der 3G-Regel mÃ¶glich sein, am gesellschaftlichen Leben teilzunehmen, so  @c_lindner . #hartaberfair #VielZuTun #BTW21 #impfen 141 61 429	neutral	0.0	{'neg': 0.0, 'neu': 1.0, 'pos': 0.0, 'compound': 0.0}
Ob vor dem BrÃ¶tchen holen , nach dem Mittagessen  oder wÃ¤hrend des Nachmittagsspaziergangs: wer noch nicht per #Briefwahl gewÃ¤hlt hat, kann heute in Rheinland-Pfalz, Baden-WÃ¼rttemberg und Hessen sein Kreuz noch vor Ort im Wahllokal machen. #ltwrlp21 #ltwbw2021 25 15 100	neutral	0.0	{'neg': 0.0, 'neu': 1.0, 'pos': 0.0, 'compound': 0.0}
(1) In der Praxis sind die meisten Kontaktpersonen zum Zeitpunkt der Benachrichtigung durch das Gesundheitsamt bereits infiziert worden oder die Gefahr ist schon lÃ¤ngst gebannt, weil infizierter Kontakt schon in QuarantÃ¤ne ist. Zwei Dinge kÃ¶nnte helfen: spiegel.de (S+) QuarantÃ¤ne von Corona-Infizierten: Warum wir zu langsam fÃ¼r das Virus sind Im Schnitt verstreichen mehr als vier Tage, bis sich das Gesundheitsamt nach den ersten Symptomen bei einem Infizierten meldet. Mit diesen MaÃŸnahmen ginge es schneller. 42 66 643	neutral	-0.0258	{'neg': 0.068, 'neu': 0.866, 'pos': 0.066, 'compound': -0.0258}
Jetzt LIVE  Wie kÃ¶nnen wir kÃ¼nftig erinnern, wenn es keine Zeitzeug*innen mehr gibt?   Mit  @BeateWaRo ,  @Erhard_Grundl , F. Azoulay  @ArolsenArchives ,  @Cha_Knobloch , G. Hammermann,  @lime_green_leni ,  @HannesBurkhardt  &  @davidschiepek . GrÃ¼ne im Bundestag @GrueneBundestag Ohne Zeitzeug*innen: Wie kann Jugend kÃ¼nftig erinnern? 3 6 21	neutral	0.0	{'neg': 0.0, 'neu': 1.0, 'pos': 0.0, 'compound': 0.0}
FÃ¼r mich geht es heute zur Landeskonferenz der SPD Arbeitsgemeinschaft 60 Plus nach NeumÃ¼nster. Am Abend bin ich dann bei der Mitgliederversammlung des SPD Ortsvereins Pinneberg. 2 7	neutral	0.0	{'neg': 0.0, 'neu': 1.0, 'pos': 0.0, 'compound': 0.0}
Back on Campus!  19 2 332	neutral	0.0	{'neg': 0.0, 'neu': 1.0, 'pos': 0.0, 'compound': 0.0}
Gegen den #effzeh wÃ¤re das 100%ig eine Rote gewesen, aber heyâ€¦  #koeksv 2 2 28	neutral	0.0	{'neg': 0.0, 'neu': 1.0, 'pos': 0.0, 'compound': 0.0}
Das war rheinisch  Im schwÃ¤bischen #Tatort 5 2 28	neutral	0.0	{'neg': 0.0, 'neu': 1.0, 'pos': 0.0, 'compound': 0.0}
Heute unterwegs in #Gera & #Altenburg mit Tino Chrupalla & Michael Kaufmann. Und jetzt ab Ã¼ber #Dresden nach Zittau!    #AfD #wirholendasDirektmandat #Deutschlandabernormal  #Greiz #AltenburgerLand #WK194 #Berlin #Bundestag #Brandner 22 17 84	neutral	0.0	{'neg': 0.0, 'neu': 1.0, 'pos': 0.0, 'compound': 0.0}
"Die staatlichen Grundrechtseingriffe mÃ¼ssten zum Tag der Deutschen Einheit ein Ende haben, fordert  @JoachimStamp . ""Bis zum 3. Oktober sind es noch zwei Monate hin. Dann werden alle, die Ã¤lter als zwÃ¶lf Jahre sind, ein Impfangebot erhalten haben, und zwar fÃ¼r beide Impfungen."" 106 115 417"	neutral	0.0	{'neg': 0.05, 'neu': 0.879, 'pos': 0.071, 'compound': 0.0}
Tag 2 Bundesparteitag in #Dresden... #AfD #wirholendasDirektmandat #Gera #Greiz #AltenburgerLand #WK194 #Berlin #Bundestag #Brandner 30 15 95	neutral	0.0	{'neg': 0.0, 'neu': 1.0, 'pos': 0.0, 'compound': 0.0}
Morgen ab 16 Uhr lade ich Sie und Euch zu meiner digitalen Sprechstunde ein.  Zur Anmeldung auf meiner Website hier entlang: https://trittin.de/2021/02/26/digitale-sprechstunde-mit-juergen-trittin/â€¦ 3 1 4	neutral	0.0	{'neg': 0.0, 'neu': 1.0, 'pos': 0.0, 'compound': 0.0}
An diesem winterlichen Morgen geht es los mit Home Office. SpÃ¤ter dann in meinen Betreuungswahlkreis nach Itzehoe. Dort warten WirtschaftsgesprÃ¤che, Interviewtermine, eine BÃ¼rgersprechstunde und ein Treffen mit dem SPD Kreisvorstand Steinburg auf mich. 66 10 13	neutral	0.0	{'neg': 0.0, 'neu': 1.0, 'pos': 0.0, 'compound': 0.0}
Jetzt klicken und #live verfolgen: das Statement vor der #Fraktionssitzung. Ab 14:30 Uhr mit  @rbrinkhaus  und Alexander #Dobrindt http://cducsu.de/livestream 3 3 3	neutral	0.0	{'neg': 0.0, 'neu': 1.0, 'pos': 0.0, 'compound': 0.0}
 Egal, was passiert: NÃ¤chsten Montag, 19. Juli 2021: #Altenburg!  #AfD #ThÃ¼ringen #Brandnerunterwegs #BrandnerimGesprÃ¤ch #wirholendasDirektmandat #Deutschlandabernormal  #Greiz #AltenburgerLand #WK194 #Berlin #Bundestag #Brandner 18 21 64	neutral	0.0	{'neg': 0.0, 'neu': 1.0, 'pos': 0.0, 'compound': 0.0}
Heute ist fÃ¼r mich ein besonderer Tag: 18 Jahre nachdem ich erstmals als Finanzminister im Landtag ans Rednerpult trat, wird das heute wohl das letzte Mal sein. AnschlieÃŸend werde ich von meiner SPD Landtagsfraktion, die ich 13 Jahre gefÃ¼hrt habe offiziell verabschiedet. 25 5 100	neutral	0.0	{'neg': 0.0, 'neu': 1.0, 'pos': 0.0, 'compound': 0.0}
tschanlili @tschanlili  Â· 25. Sep. Endspurt im Wahlkampf heute in Peine fÃ¼r die @spdde und  @hubertus_heil #ScholzPacktDasAn   5 12 57	neutral	0.0	{'neg': 0.0, 'neu': 1.0, 'pos': 0.0, 'compound': 0.0}
Presseinfo @gitta_connemann  und  @StegemannAlbert : #EU-Parlament stimmt #Agrarhaushalt 2022 zu â€“ #SPD-Blockade bei #GAP-Verordnungen endlich aufgebrochen cducsu.de EU-Parlament stimmt Agrarhaushalt 2022 zu â€“ SPD-Blockade bei GAP-Verordnungen endlich aufgebrochen Zu der heute erfolgten Einigung im EU-Parlament Ã¼ber den Agrarhaushalt 2022 und der im Bundeskabinett verabschiedeten GAP-Verordnungen erklÃ¤ren die Stellvertretende Vorsitzende der CDU/CSU-Bu... 1 1 9	neutral	0.0	{'neg': 0.0, 'neu': 1.0, 'pos': 0.0, 'compound': 0.0}
Presseinfo @ChristianHaase6 : Kommunale #SelbstverwaltungsmÃ¶glichkeiten werden beschrÃ¤nkt cducsu.de Kommunale SelbstverwaltungsmÃ¶glichkeiten werden beschrÃ¤nkt Zum Koalitionsvertrag von SPD, BÃ¼ndnis90/Die GrÃ¼nen und FDP kÃ¶nnen Sie den Vorsitzenden der Arbeitsgemeinschaft Kommunalpolitik der CDU/CSU-Bundestagsfraktion, Christian Haase, wie folgt ziti... 2 1 6	neutral	0.0	{'neg': 0.0, 'neu': 1.0, 'pos': 0.0, 'compound': 0.0}
Am kommenden Donnerstag um 10:00 Uhr stelle ich zusammen mit  @MarcoBuschmann ,  @StephanThomae  und Nikolaos Gazeas in der Bundespressekonferenz die Verfassungsbeschwerde aus der  @fdpbt  gegen den Staatstrojaner fÃ¼r das Bundesamt fÃ¼r Verfassungsschutz vor. 11 43 341	neutral	0.0	{'neg': 0.0, 'neu': 1.0, 'pos': 0.0, 'compound': 0.0}
Das Bayerische Gesundheitsministerium sollte alle Namen der Abgeordneten verÃ¶ffentlichen, die im Zusammenhang mit der Beschaffung von u.a. Corona-Schutzmasken gegenÃ¼ber dem Ministerium in Erscheinung getreten sind und aufzeigen, was daraus folgte. #Transparenz #maskenskandal 8 10 98	neutral	0.0	{'neg': 0.0, 'neu': 1.0, 'pos': 0.0, 'compound': 0.0}
Und auch diese Woche wird wieder lecker gekocht. Unter anderem morgen 11 Uhr in Friedrichshagen mit  @GregorGysi  und  @schatzbln . Alle Termine: https://dielinke.berlin/2021/kochtour/ 5 9 72	neutral	0.0	{'neg': 0.0, 'neu': 1.0, 'pos': 0.0, 'compound': 0.0}
Erst das #Triell ums Kanzleramt mit  @ABaerbock , dann  @annewill  mit  @PaulZiemiak ,  @Jana_Hensel ,  @KuehniKev ,  @HoffmannSpiegel  und mir um 21:45 Uhr im Ersten. Den #Tatort dann eben erst nach Feierabend in der Mediathek  48 75 887	neutral	0.0	{'neg': 0.0, 'neu': 1.0, 'pos': 0.0, 'compound': 0.0}
Zum Tag des Grundgesetzes: Wir brauchen weltoffenen Patriotismus. Eine Gesellschaft der Vielfalt, die Gemeinsamkeiten statt Unterschiede betont. Es ist eine Einladung des kulturellen Miteinanders - statt des Nebeneinanders! #Verfassung #Grundgesetz   https://deutschlandfunk.de/tag-des-grundgesetzes-cdu-generalsekretaer-ziemiak-ruft-zu.1939.de.html?drn:news_id=1262053â€¦ 70 23 74	neutral	0.0	{'neg': 0.0, 'neu': 1.0, 'pos': 0.0, 'compound': 0.0}
Frontex hat ein gefÃ¤hrliches Eigenleben entwickelt. Seit Monaten fordern  @GrueneBundestag  AufklÃ¤rung und Kontrolle. #frontexfiles gruene-bundestag.de Luise Amtsberg zu Frontex-Files Frontex hat ein gefÃ¤hrliches Eigenleben entwickelt, das zwingend abgestellt werden muss. 3 25 111	neutral	0.0	{'neg': 0.0, 'neu': 1.0, 'pos': 0.0, 'compound': 0.0}
Auf gehtâ€˜s zu meiner 2. politischen Sommerwanderung. Heute in Rosenfeld. 3 6	neutral	0.0	{'neg': 0.0, 'neu': 1.0, 'pos': 0.0, 'compound': 0.0}
 TV-Tipp: Heute Abend um 20:15 Uhr stellt sich unser Parteivorsitzender und Kanzlerkandidat  @ArminLaschet  auf  @ProSieben  den Fragen von  @lindazervakis  und  @louisklamroth . Nicht verpassen! 188 56 279	neutral	0.0	{'neg': 0.0, 'neu': 1.0, 'pos': 0.0, 'compound': 0.0}
Diejenigen, die bei den GrÃ¼nen bei der #Rente das Sagen haben, meinen allen Ernstes: kapitalgedeckten Altersvorsorge sei â€žgenerell nicht geeignetâ€œ. Wenn die WÃ¤hlerinnen & WÃ¤hler wÃ¼ÃŸten, wie links die GrÃ¼nen in der Sozialpolitik sind, wÃ¼rden viele von ihnen weglaufen! 43 172 1.059	neutral	0.0	{'neg': 0.0, 'neu': 1.0, 'pos': 0.0, 'compound': 0.0}
Raus aus der CSU-Landtagsfraktion, 40 Jahre Parteikarriere von #Sauter - jetzt soll alles anders werden bei der #CSU. Wir werden sie daran messen, was sie im Landtag & Bundestag an schÃ¤rferen Regeln zu Transparenz beschlieÃŸt & nicht an ihren AnkÃ¼ndigungen. sueddeutsche.de Bayern: Sauter tritt aus CSU-Landtagsfraktion aus Nach den Korruptionsermittlungen gegen ihn tritt der frÃ¼here bayerische Justizminister Alfred Sauter aus der CSU-Landtagsfraktion aus. 1 8 84	neutral	0.0	{'neg': 0.0, 'neu': 1.0, 'pos': 0.0, 'compound': 0.0}
#Myanmar ! Natalie Amiri @NatalieAmiri  Â· 4. Feb. 2021 Hilferuf aus #Myanmar. Ich habe mit der Filmemacherin Shin in ihrem Land gearbeitet. Sie waren damals 2012 so hoffnungsvoll... 1.916 Mal angezeigt 0:04 / 1:49 2 13	neutral	0.0	{'neg': 0.0, 'neu': 1.0, 'pos': 0.0, 'compound': 0.0}
"Zum Anschlag auf die #Bundeswehr in Mali erklÃ¤rt der auÃŸenpolitische Sprecher der #AfD-Bundestagsfraktion,  @Paul_Hampel_BT : ""Deutsches Kontingent aus #Mali  abziehen!"" #Bundestag #Afghanistan afdbundestag.de Hampel: Deutsches Kontingent aus Mali abziehen Berlin, 30. Juni 2021. Zum Anschlag auf die Bundeswehr in Mali erklÃ¤rt der auÃŸenpolitische Sprecher der AfD-Bundestagsfraktion, Armin-Paulus Hampel: â€žDer Zeitpunkt fÃ¼r die heutigen Sondersitzungen... 2 32 90"	neutral	0.0	{'neg': 0.0, 'neu': 1.0, 'pos': 0.0, 'compound': 0.0}
#Servicetweet: Die fÃ¼r 13:30 Uhr geplante Pressekonferenz mit  @ArminLaschet  &  @PaulZiemiak  wird gegen 14 Uhr beginnen.  CDU Deutschlands @CDU  Â· 12. Apr. 2021 +++ Nicht verpassen +++  Ab 13:30 Uhr: Pressekonferenz im Nachgang an die Gremiensitzungen mit unserem Vorsitzenden @ArminLaschet und GeneralsekretÃ¤r @PaulZiemiak, live aus dem Konrad-Adenauer-Haus. 104 15 31	neutral	0.0	{'neg': 0.0, 'neu': 1.0, 'pos': 0.0, 'compound': 0.0}
Es ist nicht die Zeit fÃ¼r Einen zu sagen: â€žIch mache alles.â€œ Wir mÃ¼ssen uns jetzt breit aufstellen. #CDUVorsitz #jetztabervoran 3 50	neutral	0.0	{'neg': 0.0, 'neu': 1.0, 'pos': 0.0, 'compound': 0.0}
Heute in Borna ging es um unsere Pflegekampagne. Das Motto: Profitdenken raus aus den KrankenhÃ¤usern! Die Frau im weiÃŸen Corona-Schutzanzug ist Ã¼brigens die Direktkandidatin  @_juliaschramm . 5 13 129	neutral	0.0	{'neg': 0.0, 'neu': 1.0, 'pos': 0.0, 'compound': 0.0}
Der Kandidatencheck des  @WDR  ist online. Hier gehtâ€˜s zu meiner Vorstellung: wdr.de Dr. Marco Buschmann, FDP, Gelsenkirchen, Bundestagswahl Dr. Marco Buschmann, FDP, Gelsenkirchen, Bundestagswahl 3 57	neutral	0.0	{'neg': 0.0, 'neu': 1.0, 'pos': 0.0, 'compound': 0.0}
Ralf Stegner trifft: SPD-Politiker Stegner und Anna Haentjens: Kultur ist politisch | http://shz.deshz.deRalf Stegner trifft: SPD-Politiker Stegner und Anna Haentjens: Kultur ist politisch | shz.deIst Kunst und Kultur mehr als ein Zeitvertreib? DarÃ¼ber haben sich SPD-Politiker Ralf Stegner und Chanson-SÃ¤ngerin Anna125 	neutral	0.0	{'neg': 0.0, 'neu': 1.0, 'pos': 0.0, 'compound': 0.0}
Jetzt live: Pressekonferenz mit @ABaerbock.BÃœNDNIS 90/DIE GRÃœNEN@Die_Gruenenpscp.tvJetzt live: Pressekonferenz mit @ABaerbock.311299 	neutral	0.0	{'neg': 0.0, 'neu': 1.0, 'pos': 0.0, 'compound': 0.0}
Unsere Initiativen zeigen endlich Wirkung! SchÃ¤rfere Regeln fÃ¼r private AktiengeschÃ¤fte bei AufsichtsbehÃ¶rden | Nachricht | http://finanzen.net https://finanzen.net/nachricht/aktien/schaerfere-regeln-fuer-private-aktiengeschaefte-bei-aufsichtsbehoerden-10163750â€¦finanzen.netFINANZEN.NET: BÃ¶rse und FinanzenAktien, Aktienkurse, Devisenkurse und WÃ¤hrungsrechner, Rohstoffkurse. Informationen rund um die BÃ¶rse zu Aktie, Fonds und ETFs. BÃ¶rsenkurse fÃ¼r Optionsscheine und Zertifikate. Aktienanalysen -...26 	neutral	0.0	{'neg': 0.0, 'neu': 1.0, 'pos': 0.0, 'compound': 0.0}
Ãœber #Impfgipfel & #Bundesnotbremse diskutiere ich morgen Abend mit der SPD-Bundesvorsitzenden @EskenSaskia bei @phoenix_de #unterdenlinden, @alfredschier moderiert. Was ist Euch bei dem Thema wichtig?5628164 	neutral	0.0	{'neg': 0.0, 'neu': 1.0, 'pos': 0.0, 'compound': 0.0}
Und wenn man das zusammen bringen sollte, die Klimafragen und die sozialen Fragen, dann ist das was, das können sich gerne andere abschauen.@xsarahleee bei #Lanz gestern Abend.1:036.865 Mal angezeigt6823206	neutral	0.0	{'neg': 0.0, 'neu': 1.0, 'pos': 0.0, 'compound': 0.0}
.@MorawieckiM Serdeczne podziÄ™kowania za wsparcie! To bardzo waÅ¼ny i symboliczny gest solidarnoÅ›ci europejskiej. Mateusz Morawiecki@MorawieckiM Â· 26. Juli 2021RealizujÄ…c obietnicÄ™ pomocy, ktÃ³rÄ… zÅ‚oÅ¼yÅ‚em Kanclerz A. Merkel, Polska wysyÅ‚a dziÅ› do Niemiec straÅ¼ackÄ… grupÄ™ ratowniczÄ… i 70 urzÄ…dzeÅ„ do osuszania zalanych obiektÃ³w, aby pomÃ³c naszym sÄ…siadom uporaÄ‡ siÄ™ ze skutkami tragicznych powodzi w Nadrenii PÃ³Å‚nocnej-Westfalii. 72495 	neutral	0.0	{'neg': 0.0, 'neu': 1.0, 'pos': 0.0, 'compound': 0.0}
#AfDwirkt!MDR AKTUELL@MDRAktuell Â· 21. Juli 2021Die CDU Sachsen lehnt Gendern ab. Ihre GrÃ¼nde hat sie in einem Positionspapier zusammengefasst. Wir sprachen mit Susan Leithoff, die das Papier mit verfasst hat : https://mdr.de/nachrichten/podcast/interview/audio-cdu-sachsen-gendern100.htmlâ€¦3418112 	neutral	0.0	{'neg': 0.0, 'neu': 1.0, 'pos': 0.0, 'compound': 0.0}
Kann ich so nicht klarer schreibenHandelsblatt: Die PlÃ¤ne der GrÃ¼nen stehen fÃ¼r Big Governmenthandelsblatt.comDie PlÃ¤ne der GrÃ¼nen stehen fÃ¼r Big GovernmentAnnalena Baerbock will ein Klimaschutz- und ein Einwanderungsministerium schaffen. Das eine darf keine planwirtschaftliche SuperbehÃ¶rde werden, und das andere braucht es nicht.131570 	neutral	-0.0362	{'neg': 0.051, 'neu': 0.902, 'pos': 0.047, 'compound': -0.0362}
#Meinungsfreiheit!#Demokratie!#Grundrechte!#AfD #ThÃ¼ringen#Deutschlandabernormal!#Brandnerunterwegs#wirholendasDirektmandat #Gera #Greiz #AltenburgerLand#Berlin #Bundestag #Brandner0:28735 Mal angezeigt332369 	neutral	0.0	{'neg': 0.0, 'neu': 1.0, 'pos': 0.0, 'compound': 0.0}
Diese Preise sind Ausdruck einer politischen Willensbildung aller Altparteien. Es gibt immer eine #Alternative. Auch dazu! #btw211436113 	neutral	0.0	{'neg': 0.0, 'neu': 1.0, 'pos': 0.0, 'compound': 0.0}
Heute ist der 3. Dezember und damit Internationaler #TagDerMenschenMitBehinderungen! Gleiche WÃ¼rde aller Menschen! Nicht mehr und nicht weniger!6 	neutral	0.0	{'neg': 0.0, 'neu': 1.0, 'pos': 0.0, 'compound': 0.0}
1st #GAC under#EUCouncil presidency. Can't deny: more relaxed, now I don't have to chair anymoreNot so relaxed content-wise: as #COVID19 still raging, coordination is key. Need to communicate why EU approach to vaccines+solidarity with neighbours only make sense.1941 	neutral	0.0	{'neg': 0.0, 'neu': 1.0, 'pos': 0.0, 'compound': 0.0}
â€¦Dabei ist es so einfach:#AfDwÃ¤hlen!Bericht aus Berlin@ARD_BaB Â· 18. Sep. 2021Taktisch wÃ¤hlen â€“ geht das? @moritz_roedle und @clekai zur #Bundestagswahlhttps://tagesschau.de/inland/btw21/taktisch-waehlen-103.htmlâ€¦34854 	neutral	0.0	{'neg': 0.0, 'neu': 1.0, 'pos': 0.0, 'compound': 0.0}
.@MickyBeisenherz @ErhardScherfer @henningtillmannFC Bayern MÃ¼nchen@FCBayern Â· 25. Mai 2021Ihr wisst alle, was heute vor 8 Jahren passiert ist... Diesen Thread anzeigen15142 	neutral	0.0	{'neg': 0.0, 'neu': 1.0, 'pos': 0.0, 'compound': 0.0}
Berlin, aber normal. Interview mit der #AfD Spitzenkandidatin Dr. @Kristin_Brinker. #AGH21 #btw21morgenpost.deAfD-Spitzenkandidatin Kristin Brinker im Video-InterviewVor der Abgeordnetenhauswahl trifft Chefredakteurin Christine Richter die Kandidaten zum Interview â€žEs gilt das gesprochene Wortâ€œ.1713 	neutral	0.0	{'neg': 0.0, 'neu': 1.0, 'pos': 0.0, 'compound': 0.0}
Bei #Klartext sagt @OlafScholz gleich zu Beginn, dass er im Wahlkampf jeden Tag auf die Fragen antworten mÃ¶chte, die gestellt werden. Dann kann er dies ja gleich tun: #CumEx, #Wirecard, #Razzia. Es wird Zeit, auszupacken.22171382 	neutral	0.0	{'neg': 0.0, 'neu': 1.0, 'pos': 0.0, 'compound': 0.0}
#Altparteienstaatâ€¦â€žBerlin: Antidiskriminierungsstelle bat weiÃŸe Menschen, sich nicht zu bewerbenâ€œwelt.deHU Berlin: Antidiskriminierungsstelle bat weiÃŸe Menschen, sich nicht zu bewerben - WELTAn der Humboldt-UniversitÃ¤t zu Berlin hat eine studentische Antidiskriminierungsberatung eine Stelle ausgeschrieben. Im Geiste der IdentitÃ¤tspolitik waren zunÃ¤chst nur bestimmte Hautfarben erwÃ¼nscht....16542 	neutral	0.0	{'neg': 0.0, 'neu': 1.0, 'pos': 0.0, 'compound': 0.0}
Paul Ronzheimer@ronzheimer Â· 28. Feb. 2021Heute ab 21.45 Uhr stellt sich Vizekanzler @OlafScholz @spdde den #RichtigenFragen von @WeiseKai und den @BILD -Zuschauern. Einschalten!13422 	neutral	0.0	{'neg': 0.0, 'neu': 1.0, 'pos': 0.0, 'compound': 0.0}
Was soll das wohl beschreiben?#guteNachtundbismorgen591579 	neutral	0.0	{'neg': 0.0, 'neu': 1.0, 'pos': 0.0, 'compound': 0.0}
Moin, Stade 4230 	neutral	0.0	{'neg': 0.0, 'neu': 1.0, 'pos': 0.0, 'compound': 0.0}
Ahead of the next #EUCO we sent a letter to @eucopresident Charles Michel with our concrete expectations on the EU #vaccination and #production strategy. We must anticipate the evolution of the virus and prevent what we can foresee.43239 	neutral	0.0	{'neg': 0.0, 'neu': 1.0, 'pos': 0.0, 'compound': 0.0}
Das Steuerkonzept der FDP ist vor allem eines: Klassenkampf von oben.21135724 	neutral	0.0	{'neg': 0.0, 'neu': 1.0, 'pos': 0.0, 'compound': 0.0}
"Die Rede von Toni Hofreiter von unserer #dBDK21 gibt's ab sofort auf Youtube youtube.comAnton Hofreiter | Einbringungsrede Lebensgrundlagen schÃ¼tzen | #dBDK21Anton Hofreiter von BÃœNDNIS 90/DIE GRÃœNEN hÃ¤lt seine Einbringungsrede zu Kapitel 1 Lebensgundlagen schÃ¼tzen"" des Wahlprogramms zur Bundestagswahl 2021 auf d...18970 """	neutral	0.0	{'neg': 0.0, 'neu': 1.0, 'pos': 0.0, 'compound': 0.0}
Was ist eigentlich dieses #Modernisierungsjahrzehnt von dem alle reden? @ArminLaschet erklÃ¤rt es im GesprÃ¤ch mit @MichaelBroecker und @GordonRepinski @ThePioneerDe882789 	neutral	0.0	{'neg': 0.0, 'neu': 1.0, 'pos': 0.0, 'compound': 0.0}
Ãœbers Land im Norden von Brandenburg unterwegs zur #BTW21 mit @dieLinke - Heute mit Stationen in LÃ¶wenberg, Kremmen und SchÃ¶nwalde Glien. #MachtDasLandGerecht524 	neutral	0.0	{'neg': 0.0, 'neu': 1.0, 'pos': 0.0, 'compound': 0.0}
Schon mal vormerken... und anmelden: Veranstaltung zu Genderquatsch & Co. in Berlin!#AfD#wirholendasDirektmandat#Deutschlandabernormal #Gera #Greiz #AltenburgerLand #WK194 #Berlin #Bundestag #Brandner18730 	neutral	0.0	{'neg': 0.0, 'neu': 1.0, 'pos': 0.0, 'compound': 0.0}
Presseinfo@gitta_connemann: Weltweit fÃ¼r die #Kunst- und #Meinungsfreiheit eintretencducsu.deWeltweit fÃ¼r die Kunst- und Meinungsfreiheit eintretenHeute findet der jÃ¤hrliche â€žTag der Autoren hinter Gitternâ€œ statt, ins Leben gerufen von der Schriftstellerorganisation International PEN - Writers in Prison Committee. Dazu erklÃ¤rt die stell...5213 	neutral	0.0	{'neg': 0.0, 'neu': 1.0, 'pos': 0.0, 'compound': 0.0}
#Habeck zu #TrumpKatrin Eigendorf@KEigendorf Â· 21. Jan. 2020GrÃ¼nen Chef Robert Habeck zu Trump Rede in #Davos #weg2020 #zdfheute2:15482.588 Mal angezeigt1845322 	neutral	0.0	{'neg': 0.0, 'neu': 1.0, 'pos': 0.0, 'compound': 0.0}
Gleich einschalten zur #BerlinerRunde mit @PaulZiemiak: 19.25 Uhr @zdfPaul Ziemiak@PaulZiemiak Â· 14. MÃ¤rz 2021TV-Tipp : Um 19.25 Uhr bin ich heute zu Gast bei der #BerlinerRunde im @ZDF und diskutiere dort mit Vertretern der anderen Parteien die Ergebnisse des heutigen Wahlsonntages.41210 	neutral	0.0	{'neg': 0.0, 'neu': 1.0, 'pos': 0.0, 'compound': 0.0}
Gestern war ich Gastredner beim Rotary Club Pinneberg in Rellingen. In der Reihe der Direktkandidaten fÃ¼r den Bundestagswahlkreis Pinneberg stellte ich mich vor.14212 	neutral	0.0	{'neg': 0.0, 'neu': 1.0, 'pos': 0.0, 'compound': 0.0}
Aber Unterricht geht nicht â€žwegen Datenschutzâ€œDie Powergruppe@powergruppe Â· 15. MÃ¤rz 2021Alles klar.Diesen Thread anzeigen1022247 	neutral	0.0	{'neg': 0.0, 'neu': 1.0, 'pos': 0.0, 'compound': 0.0}
Der grÃ¼ne Schlacks in der Mitte ist Ã¼brigens der thÃ¼ringer Justizminister...Florian Hahn@hahnflo Â· 2. Mai 2021Darf ich vorstellen: Ihre â€žbÃ¼rgerlichenâ€œ GrÃ¼nen in Aktion.78264584 	neutral	0.0	{'neg': 0.0, 'neu': 1.0, 'pos': 0.0, 'compound': 0.0}
Munterbunt@Munterbunt Â· 17. Nov. 2021Antwort an @Echt_jetzt_ und @dm_msAm Samstag geht es in Berlin weiter. 22000 Zuschauer!https://m.tagesspiegel.de/sport/alle-plaetze-belegt-bei-union-gegen-hertha-volles-haus-volles-risiko-voll-daneben/27807396.htmlâ€¦416 	neutral	0.0	{'neg': 0.0, 'neu': 1.0, 'pos': 0.0, 'compound': 0.0}
Amtszeitbegrenzung des Bundeskanzlers dringend erforderlich!brandner-im-bundestag.deBrandner (AfD): Mehrheit der Deutschen auf AfD-Kurs: Amtszeitbegrenzung des Bundeskanzlers dringend...3941190 	neutral	0.0	{'neg': 0.0, 'neu': 1.0, 'pos': 0.0, 'compound': 0.0}
Jetzt live nach der Rede von @ArminLaschet: Der Talk mit vier echten #Macherinnen und #Machern aus . #zusammenmachen youtube.comDein Deutschland. Deine Ideen.Gemeinsam machen wir die Zukunft Deutschlands. #macherland #macherinnenland #deindeutschland #deineideen #machenstattmeckern #deutschlandmachen6317 	neutral	0.0	{'neg': 0.0, 'neu': 1.0, 'pos': 0.0, 'compound': 0.0}
Hallo da drauÃŸen. Wer ist noch dabei? Team RÃ¶ttgen twittert jetzt vom Pitch! #JUPitch #jetztabervoran5180 	neutral	0.0	{'neg': 0.0, 'neu': 1.0, 'pos': 0.0, 'compound': 0.0}
Was wÃ¼nscht ihr euch am meisten von der #MPK heute?Neue Teststrategie11,4 %Impfturbo77,3 %Bessere Kontaktverfolgung3,3 %Gottesdienste an Ostern8 %871 StimmenÂ·Endergebnisse22717 	neutral	0.0	{'neg': 0.0, 'neu': 1.0, 'pos': 0.0, 'compound': 0.0}
"#AfD-Wahlkampf-Auftakt in #Schwerin!Jetzt geht’s los! Der #AfD-Wahlkampfauftakt zur #BTW21 hat vor wenigen Minuten in Schwerin begonnen! Motto: ""#Deutschland. #abernormal."" Als erstes spricht @Leif_Erik_Holm, Spitzenkandidat für Mecklenburg-Vorpommern.https://youtube.com/watch?v=6zQf9r8ZGe8…1161159"	neutral	0.0	{'neg': 0.0, 'neu': 1.0, 'pos': 0.0, 'compound': 0.0}
Jetzt live: Pressekonferenz mit @ArminLaschet und @NadineSchoenCDU Deutschlands@CDU Jetzt live: Pressekonferenz mit @ArminLaschet und @NadineSchoen411037 	neutral	0.0	{'neg': 0.0, 'neu': 1.0, 'pos': 0.0, 'compound': 0.0}
Am Anfang steht nach der Bekanntgabe des grÃ¼nen Mitgliedervotums zum Koalitionsvertrag und der personellen Entscheidungen der Vollzug des Regierungswechsels in Parlament und Regierung und dann kann die Arbeit beginnen!310 	neutral	0.0	{'neg': 0.0, 'neu': 1.0, 'pos': 0.0, 'compound': 0.0}
.@Muhterem_Aras schau mal bitte! Danke.Michael Mayr@Nightmare_Keks Â· 3. Apr. 2021Die NeutralitÃ¤t der @PP_Stuttgart zusammengefasst.#S0304Diesen Thread anzeigen1:14348.201 Mal angezeigt1421147 	neutral	0.0	{'neg': 0.0, 'neu': 1.0, 'pos': 0.0, 'compound': 0.0}
Presseinfo @JoWadephul: PrÃ¤sidentschaftswahlen in Syrien eine Farcecducsu.dePrÃ¤sidentschaftswahlen in Syrien eine FarceZu den heutigen von Machthaber Assad angesetzten PrÃ¤sidentschaftswahlen in Syrien erklÃ¤rt der stellvertretende Vorsitzende der CDU/CSU-Bundestagsfraktion, Johann Wadephul:11511 	neutral	0.0	{'neg': 0.0, 'neu': 1.0, 'pos': 0.0, 'compound': 0.0}
Heute um 12.30 Uhr: Pressekonferenz nach der PrÃ¤sidiumssitzung mit GeneralsekretÃ¤r @PaulZiemiak. Themen u.a.: Neuer #CDUVorsitz und Kampf gegen #Corona. Livestream gibt's hier bei Twitter, bei Facebook und auf http://cdu.de. #Servicetweet414 	neutral	-0.0258	{'neg': 0.088, 'neu': 0.826, 'pos': 0.086, 'compound': -0.0258}
Auch Georg Christoph Lichtenberg wÃ¼rde am Sonntag mit allen Stimmen #Gruene wÃ¤hlen und Doreen Fragel zur OberbÃ¼rgermeisterin von #Goettingen machen4276 	neutral	0.0	{'neg': 0.0, 'neu': 1.0, 'pos': 0.0, 'compound': 0.0}
"Die dritte Welle ist lÃ¤ngst da. Was jetzt getan werden muss? Testen, Impfen, BÃ¼ros zu! Hier mein Statement bei @ARD_BaB Bericht aus Berlin@ARD_BaB Â· 28. MÃ¤rzMacht die BÃ¼ros zu!"" â€“ @GoeringEckardt fordert im #BerichtausBerlin hÃ¤rtere MaÃŸnahmen.0:4637.554 Mal angezeigt9255411 """	neutral	0.0	{'neg': 0.0, 'neu': 1.0, 'pos': 0.0, 'compound': 0.0}
Sachsen-Anhalt braucht Zukunft. Jede Meinung zÃ¤hlt. Jede Stimme wirkt. Es geht uns alle an, so @LydiaHueskens. #3k21https://youtu.be/cLO0b0yiGeo3326 	neutral	0.0	{'neg': 0.0, 'neu': 1.0, 'pos': 0.0, 'compound': 0.0}
Diese Frage dazu gebe ich dann mal an die #FDP weiter - @fdp - #Minijobs..6428 	neutral	0.0	{'neg': 0.0, 'neu': 1.0, 'pos': 0.0, 'compound': 0.0}
"Den Einstieg bildet ein GruÃŸwort von der Berliner Krankenhaus Bewegung"". Sie fordert eine Ãœbernahme des Tarifvertrags fÃ¼r die TÃ¶chter der kommunalen KrankenhÃ¤usern & wÃ¼nscht sich eine Gesundheitspolitik die den Mensch & nicht den Markt in den Mittelpunkt stellt. - #linkelpt824 """	neutral	0.0	{'neg': 0.0, 'neu': 1.0, 'pos': 0.0, 'compound': 0.0}
TV-Tipp: Unser Parteivorsitzender und Kanzlerkandidat @ArminLaschet heute Abend im ZDF-#Sommerinterview. Einschalten! 19:10 Uhr im #ZDF.19455121 	neutral	0.0	{'neg': 0.0, 'neu': 1.0, 'pos': 0.0, 'compound': 0.0}
#Freiheit! #Demokratie! #Grundrechte!#AfD #ThÃ¼ringen#Deutschlandabernormal!#Brandnerunterwegs#wirholendasDirektmandat #Gera #Greiz #AltenburgerLand#Berlin #Bundestag #Brandner2532113 	neutral	0.0	{'neg': 0.0, 'neu': 1.0, 'pos': 0.0, 'compound': 0.0}
Als ich bin dafÃ¼r, dass es weiter Bundeskanzlerin heiÃŸt37456213.290 	neutral	0.0	{'neg': 0.0, 'neu': 1.0, 'pos': 0.0, 'compound': 0.0}
Seit zehn Jahren fordert DIE LINKE im Bundestag ein Herdenschutz-Kompetenzzentrum. Dass Bundesagrarministerin Julia KlÃ¶ckner nun ein â€šBundeszentrum Weidetiere und Wolfâ€˜ erÃ¶ffnet, ist ein lÃ¤ngst Ã¼berfÃ¤lliger ... Schritt ...â€œ erklÃ¤rt .@KirstenTackmannlinksfraktion.deWeidetierhaltende brauchen mehr als Symbolpolitikâ€žSeit zehn Jahren fordert DIE LINKE im Bundestag ein Herdenschutz-Kompetenzzentrum. Dass Bundesagrarministerin Julia KlÃ¶ckner nun ein â€šBundeszentrum Weidetiere und Wolfâ€˜ erÃ¶ffnet, ist ein lÃ¤ngst...148 	neutral	0.0	{'neg': 0.0, 'neu': 1.0, 'pos': 0.0, 'compound': 0.0}
"So ist es! #CDUBericht aus Berlin@ARD_BaB · 30. Okt. 2021""Überwältigend"" – CDU-Generalsekretär Ziemiak zum Votum der Kreisvorsitzendenkonferenz, eine Mitgliederbefragung über den Parteivorsitz abzuhalten.0:454.875 Mal angezeigt291042"	neutral	0.0	{'neg': 0.0, 'neu': 1.0, 'pos': 0.0, 'compound': 0.0}
Dann wÃ¤re da noch #Konjunkturpaket #KommunaleInvestitionen #Kulturmilliarde Morgen nehmen wir das #B durch9124291 	neutral	0.0	{'neg': 0.0, 'neu': 1.0, 'pos': 0.0, 'compound': 0.0}
AchsoZDF Bayern@ZDFbayern Â· 18. Nov. 2021Der bayerische MinisterprÃ¤sident Markus #Soeder â€žWir werden dem Infektions-Schutzgesetz im Bundesrat zustimmen.â€œ @ZDFheute115311 	neutral	0.0	{'neg': 0.0, 'neu': 1.0, 'pos': 0.0, 'compound': 0.0}
Prawo musi mieÄ‡ pierwszeÅ„stwo przed prawem krajowym. W Polsce i wszÄ™dzie. Inaczej nasza wspÃ³lnota wartoÅ›ci zbudowana na wspÃ³lnych prawach nie moÅ¼e funkcjonowaÄ‡. Zamachy, ktÃ³re to podwaÅ¼ajÄ…, osiÄ…gnÄ™Å‚y nowÄ… jakoÅ›Ä‡. PeÅ‚ne poparcie dla @EU_Commission w celu zapewnienia jednoÅ›ci 70874122 	neutral	0.0	{'neg': 0.0, 'neu': 1.0, 'pos': 0.0, 'compound': 0.0}
Jetzt einschalten! In wenigen Minuten senden wir LIVE aus dem Konrad-Adenauer-Haus: Die Townhall mit allen drei Kandidaten um den #CDUVorsitz. @HBraun, @_FriedrichMerz und @n_roettgen im direkten GesprÃ¤ch. http://youtube.com/c/cdutv Phoenix251337 	neutral	0.0	{'neg': 0.0, 'neu': 1.0, 'pos': 0.0, 'compound': 0.0}
#AfD #ThÃ¼ringen#wirholendasDirektmandat#Deutschlandabernormal #Gera #Greiz #AltenburgerLand #WK194 #Berlin #Bundestag #Brandner2745160 	neutral	0.0	{'neg': 0.0, 'neu': 1.0, 'pos': 0.0, 'compound': 0.0}
Wo ist jetzt die verlÃ¤ssliche Perspektive fÃ¼r die Landwirtschaft, fÃ¼râ€˜s Klima und die Artenvielfalt @JuliaKloeckner? #GAPRenate KÃ¼nast@RenateKuenast Â· 28. Mai 2021Jetzt muss Ministerin KlÃ¶ckner erklÃ¤ren wie es weiter gehen soll: mit einer verlÃ¤sslichen Perspektive fÃ¼r die Landwirtschaft, fÃ¼rs Klima und die Artenvielfalt. Was nun, Frau KlÃ¶ckner? Das ganze Statement zur #GAP und #CAPtrilogue 4887	neutral	0.0	{'neg': 0.0, 'neu': 1.0, 'pos': 0.0, 'compound': 0.0}
Annalena #Baerbock hat bisher am kÃ¼rzesten gesprochen, aber am meisten gesagt. #Triell #RTl1012913.757 	neutral	0.0	{'neg': 0.0, 'neu': 1.0, 'pos': 0.0, 'compound': 0.0}
Belarussischer Staatsterrorismus muss gesÃ¼hnt werden https://cducsu.cc/3hNPiMJ16324 	neutral	0.0	{'neg': 0.0, 'neu': 1.0, 'pos': 0.0, 'compound': 0.0}
Leseempfehlung! In der @fr von heute sind drei Artikel von @PvBebenburg Ã¼ber unsere Reise nach Lesbos und den Besuch von #Karatepe und #Moria: https://fr.de/politik/schutzlos-in-der-hitze-von-kara-tepe-90780995.htmlâ€¦https://fr.de/politik/das-lager-moria-ein-friedhof-der-menschenrechte-90780972.htmlâ€¦https://fr.de/politik/seehofer-soll-weg-freimachen-fuer-fluechtlinge-90780967.htmlâ€¦1439 	neutral	0.0	{'neg': 0.0, 'neu': 1.0, 'pos': 0.0, 'compound': 0.0}
Heute bei @felixschreiner im Hochrhein und SÃ¼dschwarzwald unterwegs. #cdubw @CDU3317 	neutral	0.0	{'neg': 0.0, 'neu': 1.0, 'pos': 0.0, 'compound': 0.0}
Laut Spotify bin ich eine 13-JÃ¤hrige wÃ¤hrend ihrem ersten Liebeskummer.61101.679 	neutral	0.0	{'neg': 0.0, 'neu': 1.0, 'pos': 0.0, 'compound': 0.0}
Und nur echt mit @slei63 ! ;-)Dorothee BÃ¤r@DoroBaer Â· 19. MÃ¤rz 2021Welche FÃ¤higkeiten brauchen unsere Lehrerinnen und Lehrer fÃ¼r die Schule von heute? Mehr dazu und Ã¼ber das digitale Mindset der Zukunft am 26.3. #InitiativeDigitaleBildung #UniBayreuth #SchulederZukunft @stefanleible417 	neutral	0.0	{'neg': 0.0, 'neu': 1.0, 'pos': 0.0, 'compound': 0.0}
Deutschlands jÃ¼ngster BÃ¼rgermeister kommt aus dem Kreis Gifhorn | Gifhorn | Braunschweiger Zeitunggifhorner-rundschau.deDeutschlands jÃ¼ngster BÃ¼rgermeister kommt aus dem Kreis GifhornBisher war der inoffizielle Titel vor allem nach SÃ¼ddeutschland gegangen. Nun erhÃ¤lt ihn der 25-jÃ¤hrige Henning Evers aus HankensbÃ¼ttel.887 	neutral	0.0	{'neg': 0.0, 'neu': 1.0, 'pos': 0.0, 'compound': 0.0}
Am Nachmittag folgt die 16.Station meiner #StegnerTourBundestag21 mit dem roten Wahlkampfbus durch alle Gemeinden+StÃ¤dte im Wahlkreis Pinneberg in Schenefeld.Da verteile ich Flyer im Einkaufszentrum und nehme an einer Veranstaltung des SPD Ortsvereins im Jugendzentrum JUKS teil.1215 	neutral	0.0	{'neg': 0.0, 'neu': 1.0, 'pos': 0.0, 'compound': 0.0}
#Lesetipp Gestern in der Sonntags- @faznet #BÃ¼cher #Lesen5211 	neutral	0.0	{'neg': 0.0, 'neu': 1.0, 'pos': 0.0, 'compound': 0.0}
Heute Home Office mit diversen GesprÃ¤chsterminen.So allmÃ¤hlich geht auch der Bundestag in die SchluÃŸrunde vor dem Sommer und dem anstehenden Bundestagswahlkampf.53 	neutral	0.0	{'neg': 0.0, 'neu': 1.0, 'pos': 0.0, 'compound': 0.0}
Maris Hellrand@marishellrand Â· 13. Jan. 2021President @KerstiKaljulaid is asking @kajakallas to form a new government for #Estonia1127 	neutral	0.0	{'neg': 0.0, 'neu': 1.0, 'pos': 0.0, 'compound': 0.0}
Gleich spreche ich bei einem #CSUlive Ã¼ber die Zukunft der EU-US-Beziehungen: https://csu.de/csu-live/csu-live-expert-20210119/â€¦#Inauguration2021csu.deCSU-Live EXPERT 20210119116 	neutral	0.0	{'neg': 0.0, 'neu': 1.0, 'pos': 0.0, 'compound': 0.0}
Das ist ein Problem, was zu einem massiven Risiko fÃ¼r Kinder und Eltern fÃ¼hrt. Wenn Ã„ltere geimpft sind, steigt Risiko Umgeimpfter stark, weil Schutzmassnahmen entfallen da Gesamtinzidenz nicht hoch ist. Dabei riskieren 7% der Kinder und 14% der Kinder #LongCovidMalte Kreutzfeldt@MKreutzfeldt Â· 13. Apr.Wenn 25 % geschÃ¼tzt sind, bezieht sich die Inzidenz also nur noch auf die verbliebenen 75 %. In dieser Gruppe entspricht eine Gesamt-Inzidenz von 100 dann einer faktischen Inzidenz von 133. Das Risiko fÃ¼r die Ungeimften steigt bei gleichem Grenzwert also permanent an. [11/11]Diesen Thread anzeigen3765872.892 	neutral	0.0098	{'neg': 0.105, 'neu': 0.809, 'pos': 0.085, 'compound': 0.0098}
Jetzt live drÃ¼ben bei Facebook: Die @connectcdu Warm-up-Show zur Einstimmung auf das #Triell https://fb.watch/7ZZWfMX5M1/ #wegenmorgen #LaschetMachEt15834 	neutral	0.0	{'neg': 0.0, 'neu': 1.0, 'pos': 0.0, 'compound': 0.0}
Tag der Seltenen Erkrankungen!Mehr Infos unter:https://achse-online.de/de/was_tut_ACHSE/tag_der_seltenen/Tag-der-Seltenen-Erkrankungen-2021.php?fbclid=IwAR1ZkOLUlq5FBQKl8hFwI8gnOmWdvNlSHyGUr_RXIRhoL3FvQsQkuSFTOvYâ€¦116 	neutral	0.0	{'neg': 0.0, 'neu': 1.0, 'pos': 0.0, 'compound': 0.0}
4499 	neutral	0.0	{'neg': 0.0, 'neu': 1.0, 'pos': 0.0, 'compound': 0.0}
A Plan to Get Divisive & Radical Theories Out of Our Schoolsrealclearpolitics.comA Plan to Get Divisive & Radical Theories Out of Our Schools | RealClearPoliticsAs a candidate, Joe BidenÂ’s number one promise was to Â“uniteÂ” America. Yet in his first months as president, his number one priority has been to divide...6 	neutral	0.0	{'neg': 0.0, 'neu': 1.0, 'pos': 0.0, 'compound': 0.0}
Heute Abend bin ich digital in Baden-WÃ¼rttemberg - kommt dazu und diskutiert mit! #Weltfrauentag311 	neutral	0.0	{'neg': 0.0, 'neu': 1.0, 'pos': 0.0, 'compound': 0.0}
â€žWir brauchen mehr Industrie, auch pharmazeutische Industrie mit ProduktionsstÃ¤tten in Deutschland. Das hat #Corona gezeigt. Von den 10 grÃ¶ÃŸten Pharmazieunternehmen Europas produziert keines mehr bei uns, dabei war Deutschland frÃ¼her die Apotheke der Welt.â€œ (tm) #Merz #Lanz1831371.220 	neutral	0.0	{'neg': 0.0, 'neu': 1.0, 'pos': 0.0, 'compound': 0.0}
#Freiheit!#Demokratie!#Grundrechte!#AfD #ThÃ¼ringen#wirholendasDirektmandat#Deutschlandabernormal #Gera #Greiz #AltenburgerLand #WK194 #Berlin #Bundestag #Brandner3434121 	neutral	0.0	{'neg': 0.0, 'neu': 1.0, 'pos': 0.0, 'compound': 0.0}
In einem AfD-regierten Deutschland werden Verfassungsrichter parteilos, unabhÃ¤ngig und neutral sein. #Harbarth1970308 	neutral	0.0	{'neg': 0.0, 'neu': 1.0, 'pos': 0.0, 'compound': 0.0}
#Tatort (guckt mal nach, wer MK im echten Leben ist )MK@MiKlahre Â· 7. Feb. 2021Antwort an @HollsteinMHabe gerade nachgeschaut, Dienstplanung fÃ¼r morgen steht.17 	neutral	0.0	{'neg': 0.0, 'neu': 1.0, 'pos': 0.0, 'compound': 0.0}
Leiderâ€¦.SPD Schleswig-Holstein@SPDSH Â· 12. Mai 2021Die Roulette-Impfterminvergabe im Land lÃ¤uft doch aber schon jetzt?! twitter.com/Ralf_Stegner/sâ€¦41 	neutral	0.0	{'neg': 0.0, 'neu': 1.0, 'pos': 0.0, 'compound': 0.0}
Ein paar Zahlen zum heutigen Besuch im Impfzentrum in Herzberg am Harz in meinem Wahlkreis:6.000-8.000 Personen werden pro Woche geimpft 20.000 kÃ¶nnten geimpft werden, wenn genug Impfstoff da wÃ¤re10.000 DIN-A4-Seiten Papier werden jede Woche fÃ¼r die BÃ¼rokratie verbraucht1540286 	neutral	0.0	{'neg': 0.0, 'neu': 1.0, 'pos': 0.0, 'compound': 0.0}
Mittwochvormittag, 30. Juni: Infostand in Greiz auf dem Marktplatz mit Andreas Mrosek!#AfD #ThÃ¼ringen#BrandnerimGesprÃ¤ch#wirholendasDirektmandat#Deutschlandabernormal #Gera #Greiz #AltenburgerLand #WK194 #Berlin #Bundestag #Brandner161044 	neutral	0.0	{'neg': 0.0, 'neu': 1.0, 'pos': 0.0, 'compound': 0.0}
Die Ruhetage sind wieder vom Tisch. Der restliche Beschluss bleibt vorerst unberÃ¼hrt. SPD Parteivorstand@spdde Â· 23. MÃ¤rz 2021Der Lockdown wird bis zum 18. April verlÃ¤ngert. Hier die BeschlÃ¼sse des Bund-LÃ¤nder-Treffens im Ãœberblick. #coronagipfel #wirhaltenzusammen16716 	neutral	0.0	{'neg': 0.0, 'neu': 1.0, 'pos': 0.0, 'compound': 0.0}
Kein Wahlkampf- nur die RealitÃ¤t.Marko Silberhand@MarkoSilberhand Â· 29. Juni 2021Hello world,half an hour ago . . .Downtown Landshut, Bavaria The storms just don`t stop51174 	neutral	0.0	{'neg': 0.0, 'neu': 1.0, 'pos': 0.0, 'compound': 0.0}
SPD Parteivorstand@spdde Â· 1. MÃ¤rz 2021Unser Zukunftsprogramm: Pressekonferenz mit @OlafScholz, @EskenSaskia und @NowaboFM. https://pscp.tv/w/cwuanDQ5OTk3MHwxZWFKYm5ZbFhuZEpYhSDb9P5oBQVz-KssgK0bqcCSTtZ4BXUFwah17uAu9R4=â€¦4362 	neutral	0.0	{'neg': 0.0, 'neu': 1.0, 'pos': 0.0, 'compound': 0.0}
Ob SÃ¶der der #KÃ¼kkaz (=kÃ¼rzeste Kanzlerkandidat alle Zeiten) wird?8825223 	neutral	0.0	{'neg': 0.0, 'neu': 1.0, 'pos': 0.0, 'compound': 0.0}
Hilfe!? VersorgungsbrÃ¼cken Ã¼ber die #Ahr .Fabian@wuhuuhuuu Â· 17. Juli 2021@the_fesxh @AnonNewsDE @chrittigBitte retweeten!Gibt es Unternehmen, die VersorgungsbrÃ¼cken fÃ¼r Kabel bauen kÃ¶nnen und im Bereich Bad Neuenahr-Ahrweiler unterstÃ¼tzen kÃ¶nnen? Es geht um Kabel Ã¼ber die Ahr. Bitte DM an mich. Es geht um die Glasfaser- und Kupferanbindungen. Am ...Diesen Thread anzeigen31020 	neutral	0.0	{'neg': 0.0, 'neu': 1.0, 'pos': 0.0, 'compound': 0.0}
Zum Themenabend #ArbeitundBildung 4.0 ist unsere stellvertretende SPD-Parteivorsitzende @SerpilMidyatli heute bei Eva Lindenau #unterdenlinden zu Gast. phoenix@phoenix_de Â· 2. Sep.#unterdenlinden_spezial in Ihrem #phoenixWahlprogramm live um 18 Uhr: Die stellv. @spdde-Vorsitzende @serpilmidyatli ist zu Gast bei @lindenaue vor der #btw21.Diesen Thread anzeigen2527 	neutral	0.0	{'neg': 0.0, 'neu': 1.0, 'pos': 0.0, 'compound': 0.0}
#Grundgesetz mehr unter Druck als je zuvor â€“ nur #AfD ist WÃ¤chterin der Grundrechte!brandner-im-bundestag.deBrandner (AfD): Grundgesetz mehr unter Druck als je zuvor â€“ nur AfD ist WÃ¤chterin der Grundrechte9839221 	neutral	0.0	{'neg': 0.0, 'neu': 1.0, 'pos': 0.0, 'compound': 0.0}
Die @FDP kann digital: an/aus. #Digitalpartei #digitalfirstwÃ¤hlensecond1826104 	neutral	0.0	{'neg': 0.0, 'neu': 1.0, 'pos': 0.0, 'compound': 0.0}
Ab 15:00 Uhr im #Livestream: die #Pressekonferenz zur GfV-#KlausurtagungMit dabei: @rbrinkhaus, Alexander Dobrindt, @ArminLaschet und @Markus_Soeder live unter http://cducsu.de/Livestream #JetztZukunft19716 	neutral	0.0	{'neg': 0.0, 'neu': 1.0, 'pos': 0.0, 'compound': 0.0}
Wir wollen Deutschland wieder vom Kopf auf die Füße stellen, so wie es sich die Väter des Grundgesetzes einmal gedacht haben. #Deutschlandabernormal #AfDthe-germanz.deInterview mit dem Außenseiter-Duo der AfD zur Bundestagswahl: „Normal ist etwas anderes!“BERLIN - Showdown in der AfD. Die Nominierung des Spitzenkandidaten-Duos für die anstehende Bundestagswahl wird gleichzeitig eine Richtungsentscheidung über den zukünftigen Kurs der Partei sein, die...15119480	neutral	0.0	{'neg': 0.0, 'neu': 1.0, 'pos': 0.0, 'compound': 0.0}
Jetzt LIVE Gibt es WidersprÃ¼che zwischen Klima- & Menschenrechtsschutz? Diskutiert mit!GrÃ¼ne im Bundestag@GrueneBundestagpscp.tvJetzt LIVE Gibt es WidersprÃ¼che zwischen Klima- & Menschenrechtsschutz? Diskutiert mit!6822 	neutral	0.0	{'neg': 0.0, 'neu': 1.0, 'pos': 0.0, 'compound': 0.0}
WELT-GesprÃ¤ch: Manfred Weber im Interview #EUCO #Ukrainewelt.deWELT-GesprÃ¤ch: Manfred Weber im Interview - Video - WELTManfred Weber (CSU) von der EVP-Fraktion im Europaparlament Ã¤uÃŸert sich im WELT-Interview.5714 	neutral	0.0	{'neg': 0.0, 'neu': 1.0, 'pos': 0.0, 'compound': 0.0}
Die niesen da alle #Tatort312 	neutral	0.0	{'neg': 0.0, 'neu': 1.0, 'pos': 0.0, 'compound': 0.0}
Und nach dem #Schlagabtausch geht es gleich weiter mit @Janine_Wissler im #Vierkampf. Jetzt auf ARD umschalten.3579 	neutral	0.0	{'neg': 0.0, 'neu': 1.0, 'pos': 0.0, 'compound': 0.0}
#IhrlasstunskeineWahl, denn es geht um eine lebenswerte Zukunft fÃ¼r uns alle! 1,5-Grad konforme Politik ist nicht verhandelbar!https://google.de/amp/s/amp.n-tv.de/politik/Gruene-Jugend-kritisiert-Ampel-Plaene-article22876671.htmlâ€¦3110139 	neutral	0.0	{'neg': 0.0, 'neu': 1.0, 'pos': 0.0, 'compound': 0.0}
Immer wenn #Baerbock oder #Scholz reden:Luisa Neubauer@Luisamneubauer Â· 29. Aug. 2021Antwort an @Junge_Union und @ArminLaschetIhr seid so witzig.89118 	neutral	0.0	{'neg': 0.0, 'neu': 1.0, 'pos': 0.0, 'compound': 0.0}
15:304.527 ZuschauerBÃœNDNIS 90/DIE GRÃœNEN@Die_GruenenBÃœNDNIS90/DIE GRÃœNEN was live151193 	neutral	0.0	{'neg': 0.0, 'neu': 1.0, 'pos': 0.0, 'compound': 0.0}
Im #Triell fordert @ABaerbock die Schulen aufzuhalten, Luftfilter endlich installieren, 3 G in ZÃ¼gen und Fortbestand der Maskenpflicht, @ArminLaschet und @OlafScholz kÃ¶nnen nicht erklÃ¤ren warum immer noch keine Luftfilter da sind2633286 	neutral	0.0	{'neg': 0.0, 'neu': 1.0, 'pos': 0.0, 'compound': 0.0}
#AfD #ThÃ¼ringen#Deutschlandabernormal! #wirholendasDirektmandat#Gera #Greiz #AltenburgerLand #WK194 #Berlin #Bundestag #Brandner121556 	neutral	0.0	{'neg': 0.0, 'neu': 1.0, 'pos': 0.0, 'compound': 0.0}
Jetzt LIVE - die CSU-Stadiontour heute aus Landshut! #CSUimStadion mit CSU-Chef @Markus_Soeder, GeneralsekretÃ¤r @MarkusBlume, unserem Spitzenduo Alexander #Dobrindt und @DoroBaer sowie Bundesverkehrsminister @andreasscheuer. Zum Livestream: http://csu.de/csu-live.csu.deCSU LiveDie Mediathek der CSU9621 	neutral	0.0	{'neg': 0.0, 'neu': 1.0, 'pos': 0.0, 'compound': 0.0}
Bayerns Corona-Paket: Blocken, Bremsen und Boostern. Wir mÃ¼ssen handeln. Bayern schÃ¶pft bis 15. Dezember nahezu alle rechtlichen Mittel aus. Schulen bleiben geÃ¶ffnet, Tests werden intensiviert. Alle Impfzentren werden komplett hochgefahren.381150 	neutral	0.0056	{'neg': 0.0, 'neu': 0.966, 'pos': 0.034, 'compound': 0.0056}
"""Olaf Scholz und Wirecard"" - Kay Gottschalk klÃ¤rt auf. https://youtu.be/PQ9erzAHS5k via  @YouTube youtube.com ""Olaf Scholz und Wirecard"" - Kay Gottschalk klÃ¤rt auf. In Folge zwei der Serie â€žJoachim Paul trifftâ€¦â€œ nimmt der ehemalige Vorsitzender des Wirecard-Untersuchungsausschusses, Kay Gottschalk (MdB) Stellung zum Wire... 2 15 39"	neutral	0.0	{'neg': 0.0, 'neu': 1.0, 'pos': 0.0, 'compound': 0.0}
Ich fahre jetzt los zum Wahlkampfauftakt der  @dielinkelsa . Mit dabei ab 18:00 Uhr sind heute unter anderen  @Eva0112 ,  @bodoramelow ,  @SuzaKarawanskij ,  @KristinaVogt_HB  und  @StefGeb . Ihr hingegen mÃ¼sst Euch kein StÃ¼ck bewegen! Live auf http://youtu.be/lm5yyJcAVzU und Facebook. youtube.com Digitaler Wahlkampfauftakt DIE LINKE. Sachsen-Anhalt Digitaler Wahlkampfauftakt der Partei DIE LINKE. Sachsen-Anhalt zur Landtagswahl in Sachsen-Anhalt am 6. Juni 2021Mit Spitzenkandidatin Eva von Angern (MdL),... 2 2 24	neutral	0.0	{'neg': 0.0, 'neu': 1.0, 'pos': 0.0, 'compound': 0.0}
Letzter Termin gestern: Treffen mit Ursula  @vonderleyen . Wir kennen uns aus meiner ersten Legislatur, gestern sprachen wir Ã¼ber die Rolle Europas bei Dekarbonisierung, Digitalisierung & gegenÃ¼ber China. Denn â€žEuropa ist unsere Zukunft â€“ eine andere haben wir nichtâ€œ (Genscher). 9 1 113	neutral	0.0	{'neg': 0.0, 'neu': 1.0, 'pos': 0.0, 'compound': 0.0}
Podcast #15 - Auswertung Wahlergebnis und Ausblick Sondierungen. Mit  @anika_tas ,  @sebastiank  und  @MaxMenkenke Spotify: https://msgp.pl/OFJN4mt Apple: https://msgp.pl/IFoQLXt AnchorFM: https://msgp.pl/T2sQTlt Google: https://msgp.pl/EistUet  #Berlin #Politik #dielinke #LINKE 1 7 9	neutral	0.0	{'neg': 0.0, 'neu': 1.0, 'pos': 0.0, 'compound': 0.0}
"KÃ¶nnte das neben Ãœberschwemmungen mit den Ã¼ber 49 Â°C in #Kanada zu tun haben? #Laschet von #Klimakrise Ã¼berrascht BÃœNDNIS 90/DIE GRÃœNEN @Die_Gruenen  Â· 30. Juni 2021 Und Armin #Laschet so: â€žAus irgendeinem Grund ist das Klimathema plÃ¶tzlich ein weltweites Thema geworden."" WÃ¤hrend die @CDU sich noch wundert, haben wir aufgeschrieben, wie wir der #Klimakrise begegnen kÃ¶nnen. Zu unserem Klimaschutz-Sofortprogramm & mehr: http://gruene.de/wahlprogramm 16 14 107"	neutral	0.0	{'neg': 0.0, 'neu': 1.0, 'pos': 0.0, 'compound': 0.0}
Biden tritt an - Trump tritt ab (endlich!).  Ein paar Gedanken von Rolf MÃ¼tzenich zu #InaugurationDay und #TrumpsLastDay. 1 2 19	neutral	0.0	{'neg': 0.0, 'neu': 1.0, 'pos': 0.0, 'compound': 0.0}
Der Bundestag hat zwei unserer AntrÃ¤ge zum #Westsaharakonflikt beraten & abgestimmt. Wir  @GrueneBundestag  fordern, eine Eskalation in der Westsahara zu vermeiden & eine UN-Vermittlung zu starten, damit wir #VÃ¶lkerrecht in der Westsahara durchsetzen. youtube.com Westsaharakonflikt - Rede im Bundestag 21.04.2021 Am 21.04.2021 haben wir im Bundestag zwei unserer AntrÃ¤ge zum Westsaharakonflikt beraten und abgestimmt. Wir GrÃ¼ne fordern, eine Eskalation in der Westsahara... 1 8	neutral	0.0258	{'neg': 0.031, 'neu': 0.92, 'pos': 0.049, 'compound': 0.0258}
Stand: 4.1. GraslitzerS6x @graslitzer  Â· 5. Jan. 2021 Antwort an @f_schaeffler Stand 3.1.21 1 2 7	neutral	0.0	{'neg': 0.0, 'neu': 1.0, 'pos': 0.0, 'compound': 0.0}
Das sind unsere sozialdemokratischen Ministerinnen und Minister der kommenden Bundesregierung.  178 308 1.458	neutral	0.0	{'neg': 0.0, 'neu': 1.0, 'pos': 0.0, 'compound': 0.0}
JETZT abonnieren!     https://tiktok.com/@afd.offiziell 19 33 84	neutral	0.0	{'neg': 0.0, 'neu': 1.0, 'pos': 0.0, 'compound': 0.0}
Weiter gehtâ€™s. Auch heute kÃ¶nnt ihr bei unserem Super-Sammel-Wochenende fÃ¼r  @dwenteignen  unterschreiben  Ob in Mitte, Tempelhof-SchÃ¶neberg, Friedrichshain- Kreuzberg oder Marzahn. Alle Infos: https://dielinke.berlin/nc/start/det/news/super-sammel-wochenende/â€¦ Kommt vorbei  4 17 76	neutral	0.0	{'neg': 0.0, 'neu': 1.0, 'pos': 0.0, 'compound': 0.0}
Was hÃ¤lt man davon: #Brandner Ã¼ber #Staatsfunk/ #Zwangsfunk & umgekehrt. Und: Wo bleiben Fakten zur letzten Behauptung? https://mdr.de/video/mdr-videos/f/video-543018.htmlâ€¦ #AfD #ThÃ¼ringen #Deutschlandabernormal #wirholendasDirektmandat! #Gera #Greiz #AltenburgerLand #WK194 #Berlin #Bundestag 34 11 71	neutral	0.0	{'neg': 0.0, 'neu': 1.0, 'pos': 0.0, 'compound': 0.0}
Die Anrechnung von SchÃ¼ler- und Studentenjobs in Bedarfsgemeinschaften entfÃ¤llt und bei Auszubildenden erhÃ¶hen wir den Freibetrag, so  @starkwatzinger  #BPT21 #FangenWirAn 3 3 26	neutral	0.0	{'neg': 0.0, 'neu': 1.0, 'pos': 0.0, 'compound': 0.0}
Toutes mes fÃ©licitations  Ã   @vpecresse  pour sa victoire Ã  la #PrimaireLR, Ã  l'issue d'un processus et de dÃ©bats d'idÃ©es qui font honneur au parti  @lesRepublicains . Votre famille politique europÃ©enne du  @EPPGroup  est Ã  vos cÃ´tÃ©s!  @ChJacob77  #CongresLR les RÃ©publicains @lesRepublicains  Â· 4. Dez. 2021 ValÃ©rie PÃ©cresse, candidate de notre mouvement Ã  la prÃ©sidence de la RÃ©publique. 4 22 63	neutral	0.0	{'neg': 0.0, 'neu': 1.0, 'pos': 0.0, 'compound': 0.0}
Was sollte die Allianz Arena heute Abend bei jedem Tor der Deutschen spielen?   #GERHUN #MuenchenMachEsTrotzdem #Orban I want to break free 26,8 % Itâ€˜s okay to be gay 18,4 % Er gehÃ¶rt zu mir 10,5 % YMCA 44,3 % 2.661 Stimmen Â· Endergebnisse 495 136 219	neutral	0.0	{'neg': 0.0, 'neu': 1.0, 'pos': 0.0, 'compound': 0.0}
Deutschland wird erneut Aufmarschgebiet gegen Russland - afdkompakt.de Deutschland wird erneut Aufmarschgebiet gegen Russland | AfD Kompakt Heute treffen sich die EU-Verteidigungsminister und beschlieÃŸen zusammen mit den Nato-Partnern USA, Kanada und Norwegen ein EU-SchlÃ¼sselprojekt zur militÃ¤rischen MobilitÃ¤t, mit dem zukÃ¼nftig Truppen- 10 22 84	neutral	0.0	{'neg': 0.0, 'neu': 1.0, 'pos': 0.0, 'compound': 0.0}
Die SPD kann auch Illumination #ausRespekt #spdbpt21 10 1 111	neutral	0.0	{'neg': 0.0, 'neu': 1.0, 'pos': 0.0, 'compound': 0.0}
"Starten Sie mit uns die #AfD-Spendenrakete ""Aktion fÃ¼r #Deutschland""! #btw21
Unser Wahlkampf braucht Schub! #abernormal 
Stand 05.06.2021: 109.612 â‚¬
JETZT unterstÃ¼tzen:
 http://afd.de/spenden
5
20
88"	neutral	0.0	{'neg': 0.0, 'neu': 1.0, 'pos': 0.0, 'compound': 0.0}
"Home Office Tag. Heute stehen diverse digitale Sitzungen der Fraktionsgremien auf dem Programm und die letzten HaushaltsantrÃ¤ge werden auf den Weg gebracht.
12
2
4"	neutral	0.0	{'neg': 0.0, 'neu': 1.0, 'pos': 0.0, 'compound': 0.0}
"9:09
1.117 Zuschauer
linksfraktion
@Linksfraktion
linksfraktion was live
3
12"	neutral	0.0	{'neg': 0.0, 'neu': 1.0, 'pos': 0.0, 'compound': 0.0}
"Pressekonferenz mit Susanne Hennig-Wellsow. #DieLinke 
@SusanneHennig
DIE LINKE
@dieLinke
pscp.tv
Pressekonferenz mit Susanne Hennig-Wellsow. #DieLinke @SusanneHennig
2
7
22"	neutral	0.0	{'neg': 0.0, 'neu': 1.0, 'pos': 0.0, 'compound': 0.0}
"â€žDie Geltung der #Grundrechte hÃ¤ngt nicht davon ab, ob die Bundesregierung sie fÃ¼r hinderlich hÃ¤lt.â€œ (B. Hirsch) #Infektionsschutzgesetz
11
80
392"	neutral	0.0	{'neg': 0.0, 'neu': 1.0, 'pos': 0.0, 'compound': 0.0}
"Die nÃ¤chsten Tage wieder on tour: Zwei Tage Baden-WÃ¼rttemberg und noch einmal nach Hessen â€“ wer ist dabei? 
3
55"	neutral	0.0	{'neg': 0.0, 'neu': 1.0, 'pos': 0.0, 'compound': 0.0}
"Presseinfo Albert Rupprecht: Entwicklungsschub fÃ¼r Medikamente gegen Corona
cducsu.de
Entwicklungsschub fÃ¼r Medikamente gegen Corona
Das Bundesforschungsministerium hat heute Forschung und Unternehmen aufgerufen, erfolgversprechende Medikamente mit UnterstÃ¼tzung des Bundes zÃ¼gig zur Zulassung zu bringen und in die Produkti...
4
3
8"	neutral	-0.0258	{'neg': 0.03, 'neu': 0.97, 'pos': 0.0, 'compound': -0.0258}
" Jetzt live: Pressekonferenz mit 
@ArminLaschet
 und 
@PaulZiemiak
Cdu Deutschlands
Â·
5.818 Zuschauer
0:02 / 29:42
CDU Deutschlands
@CDU
 Jetzt live: Pressekonferenz mit @ArminLaschet und @PaulZiemiak
125
11
42"	neutral	0.0	{'neg': 0.0, 'neu': 1.0, 'pos': 0.0, 'compound': 0.0}
"Nach dem #Klimastreik ging's direkt  zum Austausch mit BÃ¼rger:innen weiter! Jede Stimme zÃ¤hlt  /TK #AlleFuersKlima #AllesIstDrin #bereitweilihresseid
1
2
58"	neutral	0.0	{'neg': 0.0, 'neu': 1.0, 'pos': 0.0, 'compound': 0.0}
"""In der jetzigen Phase der #Impfkampagne reicht die #Inzidenz alleine nicht mehr aus"", so 
@thorsten_frei
 heute bei 
@phoenix_de
. Der Inzidenzwert mÃ¼sse in Relation zur #Impfquote und zur Auslastung der Intensivstationen gesetzt werden, so der Fraktionsvize.
11
6
17"	neutral	0.0	{'neg': 0.0, 'neu': 1.0, 'pos': 0.0, 'compound': 0.0}
"Ich denke von der #FDP ist dann nicht viel Ã¼brig geblieben im #Koalitionsvertrag..
7
13"	neutral	0.0	{'neg': 0.0, 'neu': 1.0, 'pos': 0.0, 'compound': 0.0}
"Es kann keiner mehr behaupten, man hÃ¤tte den Sozialismus nicht vor der Wahl kommen sehen.
welt.de
WELT-Duell: â€žMÃ¶glichkeit durch das Grundgesetz, Enteignungen zu machenâ€œ - WELT
Juso-Chefin Jessica Rosenthal zeigt sich fÃ¼r Enteignungen offen â€“ unter bestimmten Bedingungen, wie sie im WELT-Duell erklÃ¤rt. JU-Chef Tilman Kuban hÃ¤lt dagegen und wirft der SPD eine fehlende klare...
7
81
298"	neutral	0.0	{'neg': 0.0, 'neu': 1.0, 'pos': 0.0, 'compound': 0.0}
"FÃ¼r ALLE Parteien mÃ¼sste bei dieser Bundestagswahl der Klimawandel das bestimmende Thema sein. Das entscheidende Jahrzehnt hat begonnen. Ã„rmere LÃ¤nder werden neben den Klimafolgen zusÃ¤tzlich noch Jahre mit der Coronakrise kÃ¤mpfen.
Prof. Stefan Rahmstorf
@rahmstorf
 Â· 3. Juli
Warum Hitze die Feuergefahr verschÃ¤rft erklÃ¤re ich hier: https://scilogs.spektrum.de/klimalounge/hitze-braende-kachelmann/â€¦ https://tagesschau.de/ausland/amerika/waldbraende-kanada-111.htmlâ€¦
300
359
4.153"	neutral	0.0	{'neg': 0.0, 'neu': 1.0, 'pos': 0.0, 'compound': 0.0}
"Hier der Beweis:
Kubicki (von #umfaller: #fdp) gibt mir einen #Ordnungsruf fÃ¼r etwas, was ich gar nicht gesagt hatte...
#typischAltpartei
37
10
51"	neutral	0.0	{'neg': 0.0, 'neu': 1.0, 'pos': 0.0, 'compound': 0.0}
"462
175
348"	neutral	0.0	{'neg': 0.0, 'neu': 1.0, 'pos': 0.0, 'compound': 0.0}
"Diese Bundestagswahl ist eine Richtungswahl. Es darf kein Weiter so geben. Die nÃ¤chste Bundesregierung muss eine Klimaregierung werden. So ist es! â¦
@ABaerbock
â© 
5
23
185"	neutral	0.0	{'neg': 0.0, 'neu': 1.0, 'pos': 0.0, 'compound': 0.0}
"Wer unsere Reden nachsehen und nachhÃ¶ren mÃ¶chte - hier entlang:
GRÃœNE Bayern
@Gruene_Bayern
 Â· 17. Feb. 2021
Jetzt LIVE! â€“ Unser erster digitaler #PolitischerAschermittwoch mit @ABaerbock, Claudia Roth, @ToniHofreiter, @KathaSchulze, @LudwigHartmann, @EvaLettenbauer und @EikeHallitzky. #PAM21 #setzmitunsaufzukunft https://twitter.com/i/broadcasts/1yoKMAebqenKQâ€¦
3
3
14"	neutral	0.0	{'neg': 0.0, 'neu': 1.0, 'pos': 0.0, 'compound': 0.0}
"(1) Hiervon hÃ¤ngt sehr viel ab: Anfang der nÃ¤chsten Woche kommen die Johnson&Johnson Phase 3 Ergebnisse. Der Impfstoff zeigte nach 1 Impfung in frÃ¼heren Phasen 90% Wirkung. Wenn sich dies bestÃ¤tigt nÃ¤chste Woche wÃ¤re dies ein â€žGame Changerâ€œ. Weshalb?
mobile.reuters.com
Johnson & Johnson expects COVID-19 vaccine data next week
Johnson & Johnson on Tuesday said it expected to report eagerly-awaited data on its COVID-19 vaccine early next week, and that it would be able to meet the delivery target for doses to countries with...
128
340
2.628"	neutral	0.0	{'neg': 0.0, 'neu': 1.0, 'pos': 0.0, 'compound': 0.0}
"â¦
@OlafScholz
â© hat heute die Forderungen der â¦
@spdde
â© fÃ¼r bezahlbares Wohnen vorgestellt.
Wir sind die Partei der Mieter!
85
16
72"	neutral	0.0	{'neg': 0.0, 'neu': 1.0, 'pos': 0.0, 'compound': 0.0}
"Morgen (Montag) Infostand in #Ronneburg mit Marcus BÃ¼hl, 
Ã¼bermorgen (Dienstag), ein solcher in #Auma!
#AfD #ThÃ¼ringen
#Deutschlandabernormal #wirholendasDirektmandat
#Brandnerunterwegs
#Gera #Greiz #AltenburgerLand #WK194 #Berlin #Bundestag #Brandner
27
12
43"	neutral	0.0	{'neg': 0.0, 'neu': 1.0, 'pos': 0.0, 'compound': 0.0}
"Am Freitag stellen wir den Entwurf unseres Wahlprogramms vor. Sei live dabei, ab 11 Uhr hier auf Twitter! 
39
51
247"	neutral	0.0	{'neg': 0.0, 'neu': 1.0, 'pos': 0.0, 'compound': 0.0}
"Gestern habe ich fÃ¼r den Endspurt des Volksbegehrens 
@dwenteignen
 Unterschriften gesammelt. Die Stadt ist ist fÃ¼r die Menschen da und kein Renditeobjekt fÃ¼r BÃ¶rsenkonzerne und Superreiche!
7
15
159"	neutral	0.0	{'neg': 0.0, 'neu': 1.0, 'pos': 0.0, 'compound': 0.0}
