Na klar! In dieser #Sitzungswoche stehen viele wichtige Punkte auf der Agenda, z.B. neue Spielregeln fÃ¼r #Digitalkonzerne, #BioÃ¶konomie und der Kampf gegen Hass im #Netz. Und der Bundesgesundheitsminister gibt eine RegierungserklÃ¤rung ab. Mehr dazu hier: https://cducsu.de/themen/neue-spielregeln-fuer-digitalkonzerne-biooekonomie-und-der-kampf-gegen-hass-im-netzâ€¦ 15 15 27	neutral	-0.2003	{'neg': 0.149, 'neu': 0.686, 'pos': 0.165, 'compound': -0.2003}
Ich habe sehr, sehr viele GesprÃ¤che mit Ostdeutschen gefÃ¼hrt Ã¼ber eure Erlebnisse und Erfahrungen, Ã¼ber Scheitern und Neubeginn und das Leben mitten im Umbruch.  Das sind GesprÃ¤che, die mich tief berÃ¼hrt haben. GesprÃ¤che, die mir nicht mehr aus dem Kopf gehen. #Ostkonvent 7 7 37	neutral	-0.1531	{'neg': 0.091, 'neu': 0.851, 'pos': 0.057, 'compound': -0.1531}
Die Attacke des wegen millionenschwerer Steuerhinterziehung vorbestraften Uli HoeneÃŸ gegen  @dielinke  zeigt, dass er weiÃŸ, dass die #VermÃ¶gensteuer nur mit der LINKEN kommt, bei SPD und GrÃ¼nen ist er eher sicher, dass sie nicht kommt.  @RTLde  #MachtdasLandgerecht #btw21 21 71 408	neutral	-0.4588	{'neg': 0.12, 'neu': 0.826, 'pos': 0.054, 'compound': -0.4588}
Die schwarzgrÃ¼ne Medienverliebtheit sollte uns nicht zum Lamentieren veranlassen, sondern zum Kampf anspornen. â€žDas Trikot schwitzt nicht von alleineâ€œ,hieÃŸ mal das Wahlkampfmotto der siegreichen  @spdrlp   - das gilt gerade auch fÃ¼r uns heute. Mit  @OlafScholz  und der ganzen  @spdde 8 3 22	neutral	-0.4588	{'neg': 0.073, 'neu': 0.927, 'pos': 0.0, 'compound': -0.4588}
Ungeimpfte haben manchmal Angst vor Myokarditis, HerzmuskelentzÃ¼ndung, nach Impfung. Neue Studien zeigen, dass das Risiko nach Covid Erkrankung sehr viel hÃ¶her ist. nytimes.com Heart Problem More Common After Covid-19 Than After Vaccination, Study Finds The research did not assess the risks specifically for young males, who are the most likely to develop the rare side effect. 246 472 2.956	neutral	-0.7003	{'neg': 0.146, 'neu': 0.811, 'pos': 0.044, 'compound': -0.7003}
In Deutschland muss es mÃ¶glich sein 4 Millionen BÃ¼rger pro Woche zu impfen. Dann wÃ¤re Ostern das Schlimmste Ã¼berstanden. #Covid_19 52 44 515	neutral	-0.34	{'neg': 0.103, 'neu': 0.897, 'pos': 0.0, 'compound': -0.34}
Portrait in der GieÃŸener Allgemeinen Zeitung geschrieben von Christina Steines giessener-allgemeine.de Helge Braun (CDU) aus GieÃŸen: Der Notarzt der Nation im Bundestagswahlkampf Als Notarzt der Nation erklÃ¤rt Helge Braun dem Volk Impfstrategien inklusive Pleiten und Pannen. Welche Rolle der Krisenmanager der Bundesregierung aus GieÃŸen nach dem Abschied Merkels spielen wird,... 20 1 14	neutral	-0.6705	{'neg': 0.099, 'neu': 0.901, 'pos': 0.0, 'compound': -0.6705}
#Fussball zeigt bei aller Kommerzialisierung doch auch immer wieder ein menschliches Gesicht - so auch bei den Gesten anlÃ¤sslich des Zusammenbruchs von Christian #Eriksen  #FussballEM 7	neutral	-0.1027	{'neg': 0.112, 'neu': 0.791, 'pos': 0.097, 'compound': -0.1027}
Vielleicht wussten die #FreienWÃ¤hler ja doch, dass die Chancen fÃ¼r den Einzug in den #Bundestag begrenzt sind - und es ging ihnen eigentlich um etwas anderes? #btw2021  @handelsblatt 4 2 9	neutral	-0.2263	{'neg': 0.068, 'neu': 0.932, 'pos': 0.0, 'compound': -0.2263}
Das Konzert fÃ¼r die Flutopfer ist zu Ende. BAP GrÃ¼nder Wolfgang Niedecken hat es beendet mit einem Aufruf, sich impfen zu lassen. 271 198 4.176	neutral	-0.4588	{'neg': 0.148, 'neu': 0.852, 'pos': 0.0, 'compound': -0.4588}
"StatementAnlÃ¤sslich des Jahrestags von #Hanau findet  @ninawarken : ""Umso entschlossener mÃ¼ssen wir den Kampf gegen Rechtsextremismus und Rassismus mit allen uns zur VerfÃ¼gung stehenden Mitteln weiter vorantreiben."" cducsu.de Presseservice Telefon: 030 227 53015 E-Mail: pressestelle@cducsu.de 11 7 11"	neutral	-0.1779	{'neg': 0.076, 'neu': 0.865, 'pos': 0.059, 'compound': -0.1779}
Robert #Habeck hat etwas, was den Herren #SÃ¶der und #Laschet offensichtlich fehlt: Die FÃ¤higkeit sich auch einmal zurÃ¼ckzunehmen.  DER SPIEGEL @derspiegel  Â· 19. Apr. 2021 Nach seinem Kurztrip nach Berlin am Sonntag hat sich CSU-Chef Markus SÃ¶der nun erneut mit seiner Parteispitze beraten. Sehen Sie die Pressekonferenz dazu im Livestream. https://spiegel.de/politik/deutschland/markus-soeder-zum-stand-der-k-frage-livestream-a-727837bb-b8a6-4e30-8b20-24148a24dc75?utm_source=dlvr.it&utm_medium=%5Bfacebook%5D&utm_campaign=%5Bspontop%5D#ref=rssâ€¦ 35 20 207	neutral	-0.1531	{'neg': 0.034, 'neu': 0.942, 'pos': 0.024, 'compound': -0.1531}
Daten Israel zur 3. Impfung nach 5 Mon mit BionTech bei >60 JÃ¤hrigen: Risiko Infektion sank Faktor 11 mit Booster, Risiko schweres Covid sogar Faktor 19. Ok, man kann Booster in Deutschland noch schieben. Aber im Winter sollten alle > 60 Lg Angebot haben nejm.org Protection of BNT162b2 Vaccine Booster against Covid-19 in Israel | NEJM Original Article from The New England Journal of Medicine â€” Protection of BNT162b2 Vaccine Booster against Covid-19 in Israel 120 96 947	neutral	-0.34	{'neg': 0.134, 'neu': 0.784, 'pos': 0.082, 'compound': -0.34}
â€žBrisante Debatte um Flut-Ursache: Liegt es am Wetter oder Klimawandel?â€œ bild.de Debatte um Flut-Ursache: Welche Rolle spielt der Klimawandel? Ausgerechnet staatliche Stellen widersprechen der Behauptung, der Klimawandel mÃ¼sse fÃ¼r die Flut-Katastrophe verantwortlich sein. 147 36 146	neutral	-0.1179	{'neg': 0.047, 'neu': 0.917, 'pos': 0.035, 'compound': -0.1179}
"""Wir werden noch im kommenden Jahr ein Klimaschutzsofortprogramm auf den Weg bringen"", sagt  @ABaerbock  im Interview mit  @FunkeBerlin . waz.de GrÃ¼nen-Chefin Baerbock warnt vor Streit um Finanzministerium Annalena Baerbock geht selbstbewusst in die Ampel-Koalitionsverhandlungen. Lesen Sie hier, warum sie eine schlimme BefÃ¼rchtung hat. 127 63 497"	neutral	-0.6597	{'neg': 0.112, 'neu': 0.888, 'pos': 0.0, 'compound': -0.6597}
"AutohÃ¤ndler  @wdwarncke  zur Frage, ob er mit Diesel & Benzinern nicht mehr verdienen wÃ¼rde: â€žNoch, ja. Aber es nutzt ja nichts, wenn wir an einer sterbenden Technologie festhalten und nicht rechtzeitig auf das Kommende setzen.â€œ https://wiwo.de/unternehmen/auto/pro-und-contra-elektroauto-vws-radikaler-e-auto-kurs-entzweit-die-eigenen-haendler/27071906.htmlâ€¦ Stefan Hajek @Stefan_Hajek  Â· 7. Apr. nach meiner Geschichte ""VW HÃ¤ndler wollen keine #Elektroautos verkaufen""   meldeten sich zahlreiche HÃ¤ndler bei mir.  habe nun einen exponierten E-Auto-Fan  und einen Skeptiker gesprochen:  [mini Thread]   https://wiwo.de/unternehmen/auto/pro-und-contra-elektroauto-vws-radikaler-e-auto-kurs-entzweit-die-eigenen-haendler/27071906-all.htmlâ€¦ Diesen Thread anzeigen 11 9 106"	neutral	-0.2349	{'neg': 0.027, 'neu': 0.958, 'pos': 0.015, 'compound': -0.2349}
Haben letzte Woche einen Brief an SÃ¶der geschrieben, dass er sich auf der MPK mit den anderen LÃ¤ndern auf einen Perspektivenplan verstÃ¤ndig soll. Planbarkeit, was wann passiert, ist wichtig. Das gibt Orientierung fÃ¼r alle - Corona wird noch lang da sein sueddeutsche.de Corona: Protest gegen SÃ¶der wird lauter In der CSU-Fraktion wÃ¤chst die Unzufriedenheit mit dem Corona-Kurs von Markus SÃ¶der. Ilse Aigner fordert ein Szenario fÃ¼r nach dem Lockdown. 5 6 50	neutral	-0.25	{'neg': 0.064, 'neu': 0.899, 'pos': 0.037, 'compound': -0.25}
Und wenn ja, wem gegenÃ¼ber?  Armin @awillburger  Â· 19. Jan. 2021 5.000 Euro Bruttolohn: 52 % Deiner Arbeitsleistung gehen an den Staat, 48 % landen auf Deinem Konto. Ist das unsolidarisch? 10 5 64	neutral	-0.3527	{'neg': 0.076, 'neu': 0.924, 'pos': 0.0, 'compound': -0.3527}
Max Weber sagt in seinem Werk â€š#Politik als Berufâ€™ - den Politiker zeichnen vor allem #Verantwortung - distanziertes #AugenmaÃŸ und sachliche #Leidenschaft aus - wie Recht er doch hat.. #MaxWeber 8 4 15	neutral	-0.0516	{'neg': 0.064, 'neu': 0.878, 'pos': 0.057, 'compound': -0.0516}
"Unternehmen in #Deutschland leiden laut  @Bundesagentur  unter groÃŸem Personalmangel. Insgesamt wÃ¼rden derzeit etwa 1,2 Mio ArbeitskrÃ¤fte, davon 2/3 #Fachkraefte, gesucht.  @Rene_Springer : ""Ruf nach mehr FachkrÃ¤fteeinwanderung ist ein naiver Reflex!"" #AfD afdbundestag.de RenÃ© Springer: Ruf nach mehr FachkrÃ¤fteeinwanderung ist ein naiver Reflex Berlin, 24. Oktober 2021. Unternehmen in Deutschland leiden nach Angaben der Bundesagentur fÃ¼r Arbeit unter groÃŸem Personalmangel. Insgesamt wÃ¼rden derzeit etwa 1,2 Millionen ArbeitskrÃ¤fte, davon... 21 52 154"	neutral	-0.9098	{'neg': 0.161, 'neu': 0.839, 'pos': 0.0, 'compound': -0.9098}
Die EU muss jetzt klar u unzweideutig reagieren: 1)Verbot von FlÃ¼gen durch belarussischen Luftraum fÃ¼r aus der EU stammende FlÃ¼ge.  2) Landeverbot in der EU fÃ¼r alle Flugzeuge der staatlichen BELAVIA. 3) Verbot von FlÃ¼gen durch den europÃ¤ischen Luftraum fÃ¼r BELAVIA #Protasevich 260 194 1.574	neutral	-0.1027	{'neg': 0.057, 'neu': 0.894, 'pos': 0.049, 'compound': -0.1027}
(1) Das ist leider auch wahr: im Vergleich zu den Kosten des Shutdowns sind selbst die teuersten Impfstoffe Gratisgeschenke. Sie sparen viel mehr Geld als sie kosten. Das haben Trumps Berater, vor allem Fauci, im Sommer verstanden und massiv eingekauft spiegel.de Corona-Impfungen: Europas fataler Geiz - Kommentar Die Pandemie wÃ¼tet in Europa â€“ doch die EU hat den rettenden Impfstoff zu zÃ¶gerlich bestellt. Dabei wÃ¤re selbst eine All-inclusive-Order bei allen Pharmafirmen gÃ¼nstiger gewesen als weitere Monate im... 144 351 2.374	neutral	-0.6249	{'neg': 0.119, 'neu': 0.797, 'pos': 0.084, 'compound': -0.6249}
Der #Volksaufstand gegen das SED-Regime am #17Juni 1953 war damals Aufstand gegen einen Unrechtsstaat und bleibt bis heute Mahnung dafÃ¼r, dass #Freiheit und #Demokratie nicht selbstverstÃ¤ndlich sind. DafÃ¼r setzen wir uns im Parlament ein. Jeden Tag. 1 15 75	neutral	-0.2732	{'neg': 0.054, 'neu': 0.946, 'pos': 0.0, 'compound': -0.2732}
"Die offizielle ""reasoned opinion"" soll Donnerstag kommen, aber die #EMA scheint schon recht klar in ihrer EinschÃ¤tzung zu sein. So verstehe ich die Aussagen jedenfalls in der Pressekonferenz eben.   #Corona #AstraZeneca #Covid #Impfung Stefan Leifert @StefanLeifert  Â· 16. MÃ¤rz 2021 EU-Arzneimittelagentur zu #AstraZeneca:  ""Wir sind immer noch zutiefst Ã¼berzeugt, dass die Vorteile des Astrazeneca-Impfstoffs bei der Vorbeugung von Covid-19 mit dem damit verbundenen Risiko eines Krankenhausaufenthalts und dem Tod das Risiko dieser Nebenwirkungen Ã¼berwiegen."" Diesen Thread anzeigen 2 11"	neutral	-0.105	{'neg': 0.087, 'neu': 0.82, 'pos': 0.093, 'compound': -0.105}
(1) Wie hart wird Coronapandemie Afrika noch treffen? Bisher gibt es wenige Studien zur Inzidenz. Diese gute Studie aus Kenia zeigt, dass sich vielleicht schon mehr als ein Drittel der BevÃ¶lkerung infiziert hat, in StÃ¤dten noch mehr. Der Anteil Toter an Infizierten blieb gering 71 85 1.132	neutral	-0.5994	{'neg': 0.148, 'neu': 0.795, 'pos': 0.057, 'compound': -0.5994}
"Na ja, wahrscheinlich ein kleiner ""Durchbruch"".  Kann mal passieren, schlieÃŸlich hat das Zeug nicht mal ne ordentliche Zulassung. Claudio Casula @shlomosapiens  Â· 5. Aug. 2021 Haben Sie auch schon den â€žvollen Impfschutzâ€œ? 9 20 65"	neutral	-0.3632	{'neg': 0.099, 'neu': 0.901, 'pos': 0.0, 'compound': -0.3632}
" ""Die EinschrÃ¤nkungen fÃ¼r #Geimpfte mÃ¼ssen auf ein Minimum reduziert werden, denn nach Stand der Wissenschaft entfÃ¤llt die BegrÃ¼ndung.  Wir brauchen eine EntbÃ¼rokratisierung des Impfprozesses und mehr Pragmatismus bei der Impfreihenfolge"",  @MarcoBuschmann  zum #Impfgipfel. 1:21 5.481 Mal angezeigt 43 28 128"	neutral	-0.2023	{'neg': 0.044, 'neu': 0.956, 'pos': 0.0, 'compound': -0.2023}
Die EZB muss Ã¼ber ihre PrognosefÃ¤higkeiten zur Inflationsentwicklung ernsthaft nachdenken. 21 13 269	neutral	-0.128	{'neg': 0.111, 'neu': 0.889, 'pos': 0.0, 'compound': -0.128}
Olaf Gersemann @OlafGersemann  Â· 9. Apr. 2021 Deutschland, im #Corona-Impfquoten-Vergleich vor Kurzem noch auf Platz 17 und 27 EU-LÃ¤ndern, hat sich inzwischen auf Platz 9 vorgeschoben.  @welt 49 14	neutral	-0.1531	{'neg': 0.056, 'neu': 0.944, 'pos': 0.0, 'compound': -0.1531}
"#Corona-#Schnelltests sind fÃ¼r #Ungeimpfte ab heute kostenpflichtig. Dazu die Fraktionsvorsitzenden der #AfD im  #Bundestag,  @Alice_Weidel  &  @Tino_Chrupalla : ""Aufhebung sÃ¤mtlicher #Covid-MaÃŸnahmen statt Eskalation der Diskriminierung Ungeimpfter!"" afdbundestag.de Alice Weidel/Tino Chrupalla: Aufhebung sÃ¤mtlicher Corona-MaÃŸnahmen statt Eskalation der Diskrimin... Berlin, 11. Oktober 2021. Corona-Schnelltests sind fÃ¼r nicht Geimpfte ab heute kostenpflichtig. Dazu erklÃ¤ren die Fraktionsvorsitzenden der AfD im Deutschen Bundestag, Alice Weidel und Tino Chrupal... 100 287 1.114"	neutral	-0.6696	{'neg': 0.096, 'neu': 0.904, 'pos': 0.0, 'compound': -0.6696}
Aktuelle Studie zeigt: Verschiebung der ImpfplÃ¤ne um fÃ¼nf Wochen fÃ¼hrt zu Schaden von 90 Milliarden(!) Euro. Die EU liegt derzeit deutlich hinter GB und USA und mÃ¼sste Tempo versechsfachen. Das zeigt einmal mehr: Dem Impfen muss hÃ¶chste PrioritÃ¤t eingerÃ¤umt werden. CL #covid19 361 142 1.194	neutral	-0.2244	{'neg': 0.055, 'neu': 0.909, 'pos': 0.036, 'compound': -0.2244}
"Manfred Weber fordert Einreiseverbot aus Hochrisikogebieten #Corona #EUCO br.de Weber fordert Einreiseverbot aus Hochrisikogebieten EVP-Fraktionschef Manfred Weber bedauert, dass es fÃ¼r die die Einreise in die EU keine gemeinsamen Standards gibt. ""Man kann Ã¼ber Madrid einreisen und dann nach MÃ¼nchen weiterfahren."" Er fordert... 13 6 25"	neutral	-0.4003	{'neg': 0.079, 'neu': 0.921, 'pos': 0.0, 'compound': -0.4003}
War ja klar. Ulrich Kelber @UlrichKelber  Â· 15. Okt. 2021 Wer hat Schuld an der mangelnden Digitalisierung im deutschen Gesundheitssektor? Diese Umfrage anzeigen 6 3 41	neutral	-0.128	{'neg': 0.103, 'neu': 0.812, 'pos': 0.085, 'compound': -0.128}
Durch die Corona-Mutanten kÃ¶nnten die Infektionszahlen erneut drastisch steigen. Wir brauchen neben FFP2-Masken & einer langfristigen Strategie jetzt auch das: Mehr #Schnelltests â€“ und zwar fÃ¼r alle!  Das fordern wir heute in unserem Antrag. 6 26 67	neutral	-0.126	{'neg': 0.066, 'neu': 0.88, 'pos': 0.053, 'compound': -0.126}
+++ Sachsen: MaÃŸnahmen gegen Ã„rztemangel dringend erforderlich +++  Eine Anfrage der sÃ¤chsischen #AfD-Fraktion zeigt das AusmaÃŸ des #Ã„rztemangels im lÃ¤ndlichen #Sachsen.  Mehr dazu: afdkompakt.de Sachsen: MaÃŸnahmen gegen Ã„rztemangel dringend erforderlich | AfD Kompa Die Versorgung mit HausÃ¤rzten wird im lÃ¤ndlichen Sachsen immer dramatischer. In bereits fÃ¼nf Planungsbereichen sind mehr als 25% der Hausarztstellen nicht besetzt und weisen eine Unterversorgung auf. 7 12 53	neutral	-0.6981	{'neg': 0.089, 'neu': 0.911, 'pos': 0.0, 'compound': -0.6981}
#Merz vertieft bei #Lanz, was #Laschet mit dem Gerede von der falschen Reihenfolge gesetzt hat: Mit der Union droht der wiederholte #Ausstieg vom Ausstieg aus der #Atomkraft. 303 210 1.705	neutral	-0.6124	{'neg': 0.152, 'neu': 0.848, 'pos': 0.0, 'compound': -0.6124}
"""Sozialstaat""    (kurzer, trauriger Thread) HeimatsternMÃ¼nchen @Heimatstern_org  Â· 22. Juli 2021 Wir haben euch ja schon hÃ¤ufiger erzÃ¤hlt, dass wir zu etlichen Menschen im GefÃ¤ngnis Kontakt halten. Teilweise lagern wir auch deren Habe.  Wir besuchen,schreiben, telefonieren, helfen bei Problemen wie z.B. medizinischen Zuzahlungen o.Ã¤.  Momentan sind es 3 MÃ¤nner und 2 Frauen. Diesen Thread anzeigen 14 36"	neutral	-0.34	{'neg': 0.09, 'neu': 0.861, 'pos': 0.049, 'compound': -0.34}
Willy Brandts Forderung â€žDer Himmel Ã¼ber dem Ruhrgebiet muss wieder blau werdenâ€œ wurde von vielen damals eher belÃ¤chelt. Umweltschutz galt nicht als wichtiges Thema. Dabei hatte Brandt eine Zukunftsmission entwickelt â€“ so wie heute Olaf Scholz heute!    https://link.spd.de/tw-zukunftsprogrammâ€¦ 40 35 165	neutral	-0.3716	{'neg': 0.06, 'neu': 0.94, 'pos': 0.0, 'compound': -0.3716}
Wenn plÃ¶tzlich eine Stimme aus dem Off im #Bundestag kommt, kann man schon mal verwirrt sein  @stamm_fibich  ...Es ist aber nur #Kubicki, beseelt von #KSVFCB und dem Sieg seiner Mannschaft letzte Nacht  0:35 632 Mal angezeigt 2 1 27	neutral	-0.2732	{'neg': 0.055, 'neu': 0.945, 'pos': 0.0, 'compound': -0.2732}
Walter #LÃ¼bcke wurde ermordet, weil er sich fÃ¼r jene einsetzte, die unsere UnterstÃ¼tzung brauchen. Heute, zwei Jahre spÃ¤ter, ist der Kampf gegen Rechts, Hass und Rassismus wichtiger denn je. Die nahende Wahl in Sachsen-Anhalt zeigt das deutlich.  Daher gilt: #KeinVergessen! 251 121 937	neutral	-0.8622	{'neg': 0.22, 'neu': 0.699, 'pos': 0.081, 'compound': -0.8622}
Wir schulden den SchÃ¼ler*innen, den Unternehmen, den PflegekrÃ¤ften - kurzum: Wir schulden allen BÃ¼rger*innen einen klaren Kurs, der diese Pandemie beendet. Die Reform des #Infektionsschutzgesetzes ist dabei ein wesentlicher Teil. 259 44 139	neutral	-0.4404	{'neg': 0.17, 'neu': 0.767, 'pos': 0.063, 'compound': -0.4404}
Was tut ihr jetzt?  @AuswaertigesAmt  @HeikoMaas  @OlafScholz Livia Gerster @feminaprinceps  Â· 16. Aug. 2021 KSK-Dolmetscher Ahmadi (Ã¼ber den ich â¦@faznetâ© berichtete, s.u.) sagt gerade: Das Safe House fÃ¼r Bundeswehr-Helfer & ihre Familien, das Hauptmann Grotian eingerichtet hatte, sei aufgelÃ¶st. Der Flug abgesagt. Die Ansage: schlagt euch irgendwie durch.  https://faz.net/aktuell/politik/ausland/zurueckgelassene-ortskraefte-einem-bundeswehr-dolmetscher-droht-der-tod-17484162.html?premium=0xa17b0301e3305b8a5f1810a0efbb7fda&GEPC=s9â€¦ Diesen Thread anzeigen 15 52 159	neutral	-0.5362	{'neg': 0.061, 'neu': 0.939, 'pos': 0.0, 'compound': -0.5362}
Unsere Agrar-Politiker wollen klein- und mittelstÃ¤ndische Unternehmen beim Export ihrer Agrarprodukte unterstÃ¼tzen â€“ durch VeterinÃ¤rabkommen & digitale Exportbescheinigungen.  @StegemannAlbert  erklÃ¤rt das neue Positionspapier: cducsu.de Agrarexporte sind Mittel im Kampf gegen Armut und ErnÃ¤hrungsunsicherheit Mit Blick auf die Internationale GrÃ¼ne Woche 2021 haben die Agrarpolitikerinnen und -politiker der CSU/CSU-Bundestagsfraktion ein gemeinsames 1 2 10	neutral	-0.5267	{'neg': 0.14, 'neu': 0.779, 'pos': 0.081, 'compound': -0.5267}
Heute wÃ¤re Sophie Scholl 100 Jahre alt geworden. Ihr mutiger und bedingungsloser Kampf gegen den Nationalsozialismus bleibt unvergessen. Es ist ist unsere Aufgabe und Verpflichtung uns jeden Tag neu gegen rechtes Gedankengut, Antisemitismus, Hass und Hetze zu stellen. #niewieder 41 59 570	neutral	-0.3818	{'neg': 0.174, 'neu': 0.682, 'pos': 0.144, 'compound': -0.3818}
Wie unmoralisch ist das denn: Querdenker versuchen im Hochwasser politischen Profit von der Katastrophe zu schlagen. Dabei gefÃ¤hrden sie die Opfer. Die Opfer brauchen Hotelzimmer, Impfungen, Tests, Masken und Geld. Keine wirre Ideologie sueddeutsche.de Hochwasser: Querdenker im Katastrophengebiet Immer wieder kursieren Falschmeldungen, die Polizei warnt: Rechtsextreme versuchen, die unsichere Lage fÃ¼r ihre Botschaften auszunutzen. 1.187 729 6.024	neutral	-0.7759	{'neg': 0.171, 'neu': 0.759, 'pos': 0.07, 'compound': -0.7759}
"Der #Bundestag stimmt heute Ã¼ber das â€žSondervermÃ¶gen Aufbauhilfe 2021â€œ ab. Darin versteckt er Ã„nderungen zum #Infektionsschutzgesetz.  @Alice_Weidel : ""Ja zur #Fluthilfe, Nein zu jeglichen EinschrÃ¤nkungen fÃ¼r #Ungeimpfte!"" #AfD afdbundestag.de Weidel: Ja zur Fluthilfe, Nein zu jeglichen EinschrÃ¤nkungen fÃ¼r Ungeimpfte Berlin, 7. September 2021. Der Bundestag stimmt in seiner heutigen Sondersitzung Ã¼ber das â€žSondervermÃ¶gen Aufbauhilfe 2021â€œ ab. Dieser Gesetzentwurf enthÃ¤lt jedoch nicht nur Hilfen fÃ¼r die Opfer der... 14 155 437"	neutral	-0.471	{'neg': 0.043, 'neu': 0.957, 'pos': 0.0, 'compound': -0.471}
Die Gestaltungschance fÃ¼r uns ist groÃŸ und die politischen Herausforderungen mit Corona-Krise, Klimawandel, Digitalisierung, demographischer Entwicklung und internationalen Krisen sind jedenfalls gewaltig. #mehrfortschrittwagen 22 1 7	neutral	-0.5267	{'neg': 0.183, 'neu': 0.755, 'pos': 0.061, 'compound': -0.5267}
WÃ¤ren wir den â€žExpertenâ€œ gefolgt, hÃ¤tten Kliniken geschlossen oder privatisiert und weiter Betten abgebaut, hÃ¤tten wir in der Corona-Krise mutmaÃŸlich katastrophale ZustÃ¤nde wie in Bergamo oder New York erleben mÃ¼ssen. In Gegenteil:Ã–ffentliche Daseinsvorsorge muÃŸ gestÃ¤rkt werden! 24 6 25	neutral	-0.7177	{'neg': 0.143, 'neu': 0.857, 'pos': 0.0, 'compound': -0.7177}
"Ja, es gibt #VielZuTun beim #Klimaschutz. Deshalb heiÃŸt #Klimawahl ja auch #IchWaehleLinks, denn was auch immer die GrÃ¼nen auf ihrem #wahlparteitag erzÃ¤hlen: Das ""radikalste Programm gegen die Klimakrise"" (taz) hat die Linke beschossen. 36 146 385"	neutral	-0.2732	{'neg': 0.057, 'neu': 0.943, 'pos': 0.0, 'compound': -0.2732}
Berliner Zeitung@berlinerzeitung Â· 25. Sep. 2021Einen Tag vor der Bundestagswahl haben die Klimaaktivisten im Regierungsviertel ihren Hungerstreik abgebrochen. Zuletzt tranken sie auch nichts mehr. https://berliner-zeitung.de/news/klimaaktivisten-brechen-hungerstreik-ab-li.185016?utm_term=Autofeed&utm_medium=Social&utm_source=Twitter#Echobox=1632599430â€¦10332 	neutral	-0.4404	{'neg': 0.108, 'neu': 0.892, 'pos': 0.0, 'compound': -0.4404}
Der Gesundheitsminister und ich sind uns einig: Ein Lockdown lÃ¶st das Problem der Omikron-Welle nicht. Er verschiebt es hÃ¶chstens. Er ist er zum Brechen einer fÃ¼nften Welle nicht geeignet. Geeignet ist das schnelle Boostern mÃ¶glichst vieler Menschen. (1/2)2.0795501.445 	neutral	-0.5145	{'neg': 0.184, 'neu': 0.755, 'pos': 0.062, 'compound': -0.5145}
"Zur Enthaltung der #Gruenen im #Bundestag bei der Abstimmung zum #Infektionsschutzgesetz erklÃ¤rt der #AfD-Fraktionsvorsitzende, Alexander #Gauland: Den GrÃ¼nen geht die Beschneidung der #Grundrechte nicht weit genug!"" #Bundesbremse #MaÃŸnahmen #Bundestag https://afdbundestag.de/gauland-den-gruenen-geht-die-beschneidung-der-grundrechte-nicht-weit-genug/â€¦36106324 """	neutral	-0.2003	{'neg': 0.085, 'neu': 0.854, 'pos': 0.061, 'compound': -0.2003}
"Jetzt beginnt unsere #spdpk nach der Sitzung unseres PrÃ¤sidiums. Mit dabei sind unsere Parteivorsitzenden @EskenSaskia und @NowaboFM. Der sagt zu Beginn: Die ungeklÃ¤rte Frage der Kanzlerkandidatur von CDU und CSU bedeutet auch Probleme fÃ¼r die ProblemlÃ¶sungen in diesem Land.""3342 """	neutral	-0.0516	{'neg': 0.051, 'neu': 0.902, 'pos': 0.046, 'compound': -0.0516}
Der @OekumenischerKT ist in diesem Jahr anders. Auch wir sind dabei, um 19 Uhr mit @bodoramelow. In einem politischen Nachtgebet laden wir ein, genau hinzu schauen und den Hunger in der weiten Welt, aber auch bei uns zu sehen. https://die-linke.de/kirchentag2021 #oekt #schauthin #kirchentag1519 	neutral	-0.2023	{'neg': 0.065, 'neu': 0.887, 'pos': 0.048, 'compound': -0.2023}
Heute ist #Nawalny 232 Tage in Haft. Es darf nicht in Vergessenheit geraten. #FreeNavalny CL4421551.904 	neutral	-0.4215	{'neg': 0.167, 'neu': 0.833, 'pos': 0.0, 'compound': -0.4215}
"Auf dem Podium beim @CSDdresden warb ich fÃ¼r Diskriminierung raus aus den Gesetzen"" & FÃ¶rderung queeren Strukturen. Vorher hab ich am Stand der @linksjugend_DD beim ArmbÃ¤nder befestigen ausgeholfen.0:051.739 Mal angezeigt81055 """	neutral	-0.5267	{'neg': 0.108, 'neu': 0.892, 'pos': 0.0, 'compound': -0.5267}
BMF@BMF_Bund Â· 1. Feb. 2021In der Krise werden entscheidende Weichen fÃ¼r die Zukunft gestellt, sagt Bundesfinanzminister @OlafScholz beim @mk_fes. Es geht um #Globalisierung, #Digitalisierung & #Klimaschutz. #Klimaschutzprogramm und #Konjunkturpaket waren erste Meilensteine Richtung KlimaneutralitÃ¤t 2050.17342 	neutral	-0.4019	{'neg': 0.092, 'neu': 0.863, 'pos': 0.046, 'compound': -0.4019}
Gibt es Daten, ob die Mehrzahl der Menschen die sich aufregen, dass Kinder ggf. bald wieder Maske im Unterricht tragen mÃ¼ssen, geimpft sind? #justasking 706134432 	neutral	-0.25	{'neg': 0.077, 'neu': 0.923, 'pos': 0.0, 'compound': -0.25}
Keine Lohnfortzahlung in QuarantÃ¤ne - gilt natÃ¼rlich nicht fÃ¼r Beamte und Politiker. Die kriegen weiter ihr Geld - FÃ¼r mehr Gerechtigkeit morgen #AfD wÃ¤hlen! #Deutschlandabernormal http://n-tv.den-tv.deLohnfortzahlung in QuarantÃ¤ne: Ungeimpfte Beamte kriegen wohl weiter GeldWer als Ungeimpfter kÃ¼nftig in Corona-QuarantÃ¤ne geschickt wird, muss GehaltseinbuÃŸen hinnehmen. Denn Bund und LÃ¤nder haben sich darauf verstÃ¤ndigt, dass die Bezahlung in dieser Zeit ausgesetzt ist....3417 	neutral	-0.807	{'neg': 0.185, 'neu': 0.734, 'pos': 0.082, 'compound': -0.807}
Die #FDP tritt an fÃ¼r eine Koalition der Mitte. GrÃ¼ne Schulden, rote SteuererhÃ¶hungen gibt es mit uns nicht, so @c_lindner. #Schlussrunde #VielZuTun #BTW218369791 	neutral	-0.4215	{'neg': 0.113, 'neu': 0.887, 'pos': 0.0, 'compound': -0.4215}
Los gehts. Unser Wahlprogramm Steht am Ende des Wochenendes: Politik mit Kopf & Herz. Wir lassen niemanden zurÃ¼ck. â¦@dieLinkeâ© â¦@Janine_Wisslerâ© #linkebpt21 #sozialklimagerecht #jetzt4156467 	neutral	-0.34	{'neg': 0.103, 'neu': 0.897, 'pos': 0.0, 'compound': -0.34}
Der CO2-Preis stellt die PCR-Methode der Klima-Diktatur dar -afdkompakt.deDer CO2-Preis stellt die PCR-Methode der Klima-Diktatur dar | AfD KompDie GrÃ¼nen haben jetzt bei ihren Forderungen nach einer ErhÃ¶hung des CO2-Preises pro Tonne noch einmal nachgelegt und wollen diesen schon 2023 auf 60 â‚¬ anheben. Zuvor hatte die CSU in diesem81271 	neutral	-0.128	{'neg': 0.03, 'neu': 0.97, 'pos': 0.0, 'compound': -0.128}
Ein #Experiment ist der Versuch, unter kontrollierten Bedingungen etwas Neues zu probieren, weil wir uns mit dem Alten nicht zufrieden geben. Das Experiment ist der Treibstoff des Fortschritts. Warum sollte das was Schlechtes sein?2513164 	neutral	-0.1648	{'neg': 0.175, 'neu': 0.689, 'pos': 0.136, 'compound': -0.1648}
Sehr lesenswert. Obwohl ein solches Szenario noch nicht sicher ist, kann es heute keiner mehr ausschliessen. Darauf mÃ¼ssen wir uns vorbereiten.John Burn-Murdoch@jburnmurdoch Â· 10. Dez. 2021I think we may need to recalibrate our idea of typical case numbers as Omicron takes off.Hereâ€™s what UK cases could look like *in the next week or two alone* if Omicron continues to double every 3 days (some actually estimate faster growth)Story: https://ft.com/content/2b309e14-046e-4dbd-976f-1bffb66188abâ€¦Diesen Thread anzeigen7684893.016 	neutral	-0.2755	{'neg': 0.03, 'neu': 0.97, 'pos': 0.0, 'compound': -0.2755}
â€žWenn man sich anguckt, dass es immer noch Ã¼berall Zettelwirtschaft gibt, sieht man, wie mittelalterlich man #Kontaktverfolgung organisiert. Wir fordern seit November #Clusterverfolgung a la @_lucaApp in #CWA @mdrdemdr.deLuca App â€“ Konkurrenz fÃ¼r die Corona-Warn-App? | MDR.DEDie luca App kann etwas, das die Corona-Warn-App nicht kann: Cluster-Nachverfolgung. Da stellt sich die Frage, ob man die beiden Apps nicht zusammenlegen kÃ¶nnte oder sollte.5940 	neutral	-0.128	{'neg': 0.025, 'neu': 0.975, 'pos': 0.0, 'compound': -0.128}
Wir brauchen eine Verordnung zum #Homeoffice. Jetzt! Ãœberall, wo es geht, damit Kontakte und Ansteckungen reduziert werden. Hier die Antragsinitiative @GrueneBundestag, die wir gerade im Bundestag debattieren. https://dserver.bundestag.de/btd/19/257/1925798.pdfâ€¦3848261 	neutral	-0.2714	{'neg': 0.072, 'neu': 0.928, 'pos': 0.0, 'compound': -0.2714}
Wer #Klimaschutz ernst nimmt, muss nun dafÃ¼r sorgen, dass #NordStream2 Ã¼berflÃ¼ssig wird. Dann hat @Gazprom viel Geld in den Schlick gesetzt ...MDR AKTUELL@MDRAktuell Â· 21. Juli 2021JÃ¼rgen Trittin geht davon aus, dass die Gaspipeline Nord Stream 2 zu Ende gebaut wird. Er sagt ihr aber keine lange Lebensdauer voraus. Das Interview mit @JTrittin : https://mdr.de/nachrichten/podcast/interview/audio-trittin-pipeline-nord-stream100.htmlâ€¦11852 	neutral	-0.5106	{'neg': 0.078, 'neu': 0.922, 'pos': 0.0, 'compound': -0.5106}
"Audiodatei meines Interviews heute morgen bei @SWR2 zur Frage #Verdachtsfall #noAfD Grünen-Politiker von Notz: ""Der Rechtsstaat gilt auch für Feinde des Rechtsstaats""swr.deGrünen-Politiker von Notz: ""Der Rechtsstaat gilt auch für Feinde des...Der Grünen-Politiker Konstantin von Notz findet es richtig, dass sich der Verfassungsschutz derzeit nicht mehr zu einer möglichen Einstufung des AfD-Bundesverbandes als rechtsextremem Verdachtsfall...2632"	neutral	-0.5719	{'neg': 0.114, 'neu': 0.816, 'pos': 0.07, 'compound': -0.5719}
Gleich geht's auch in KÃ¶then los: @DietmarBartsch und ich stellen die Ideen der Linksfraktion fÃ¼r einen Weg aus der Krise vor. Christina @Buchheim1 und @SwenKnoechel sind auch zu Gast. Und zum Kindertag ist auch ein Eiswagen dabei. 51059 	neutral	-0.5267	{'neg': 0.084, 'neu': 0.916, 'pos': 0.0, 'compound': -0.5267}
"Mittlerweile ist fast jeder Dritte von Teilzeit oder prekÃ¤rer Arbeit betroffen. Wir brauchen Rechtsanspruch auf Vollzeit und Abschaffung von sachgrundlosen Befristungen. Leiharbeiter mÃ¼ssen als FlexibilitÃ¤tszulage 10% mehr bekommen als Festangestellte.tagesschau.deJeder fÃ¼nfte Arbeitnehmer atypisch"" beschÃ¤ftigtIn Deutschland arbeitet einem Bericht zufolge jeder fÃ¼nfte Arbeitnehmer in einem ""atypischen"" BeschÃ¤ftigungsverhÃ¤ltnis wie Teilzeitjobs oder befristeten Anstellungen. Das ergab eine Auswertung des...2234170 """	neutral	-0.3182	{'neg': 0.04, 'neu': 0.96, 'pos': 0.0, 'compound': -0.3182}
Von den Vorteilen einer Zweideutigkeit spricht Henry #Kissinger im Interview zur Politik der #USA gegenÃ¼ber #Chinanzz.chHenry Kissinger Ã¼ber die USA, China und die Zukunft der Welt.Bahnt sich zwischen den USA und China ein kalter Krieg an? Oder ist die Gefahr bei der Entwicklung der kÃ¼nstlichen Intelligenz zu suchen? Der amerikanische Aussenpolitiker und Stratege Ã¤ussert sich...113 	neutral	-0.7236	{'neg': 0.159, 'neu': 0.759, 'pos': 0.082, 'compound': -0.7236}
"From @RichardGrenell to @HeikoMaas ""No, this is not a #ceasefire , but it is just a break because #Hamas has run out of rockets!"" - delivered by #Iran, payed by the #EU#Israel @IsraelinGermany #IsraelUnderAttack #afd @inJAfD0:37503 Mal angezeigtRichard Grenell@RichardGrenell · 21. Mai 2021This isn’t a ceasefire. Hamas is just running out of their rocket stockpile.41536"	neutral	-0.3054	{'neg': 0.045, 'neu': 0.955, 'pos': 0.0, 'compound': -0.3054}
Hier die Ãœbersicht der Inzidenz 5-14 J fÃ¼r ganz Deutschland. Die Lage in NRW ist ohne Beispiel. Kinder sollten nicht dem Risiko von #LongCovid ausgesetzt werden.7861.9848.124 	neutral	-0.3408	{'neg': 0.1, 'neu': 0.852, 'pos': 0.048, 'compound': -0.3408}
Der #Koalitionsausschuss muss sich heute auf einen Corona-Zuschlag fÃ¼r Menschen in der Grundsicherung einigen.Es kann nicht sein, dass Menschen in Armut in der Krise weiter allein gelassen werden. Wir brauchen einen Rettungsschirm, der fÃ¼r alle wirkt! #Hartz461395 	neutral	-0.7712	{'neg': 0.172, 'neu': 0.789, 'pos': 0.039, 'compound': -0.7712}
"PressemitteilungGestern hat sich der #Sportausschuss im Bundestag mit dem Thema psychische Gewalt im Sport befasst. Dazu erklÃ¤rt Eberhard Gienger: Wir wollen im Breiten- und Spitzensport ein Klima der positiven BestÃ¤rkung von Kindern."" Mehr dazu hier:cducsu.dePÃ¤dagogische und psychologische Inhalte in der Trainerausbildung stÃ¤rkenDer Sportausschuss im Bundestag hat sich in der gestrigen Sitzung mit dem Thema psychische Gewalt im Sport befasst. Aufgrund von VorwÃ¼rfen gegenÃ¼ber einer Turntrainerin am BundesstÃ¼tzpunkt Ch...2410 """	neutral	-0.6486	{'neg': 0.098, 'neu': 0.861, 'pos': 0.041, 'compound': -0.6486}
bild.deÃ–ffentlich-Rechtliche geben Manipulation zu: MDR lÃ¶scht BILD-Mikro aus der SendungManipulation beim MDR. Der Sender hat ein BILD-Logo aus der Sendung retouchiert.211861 	neutral	-0.4404	{'neg': 0.127, 'neu': 0.873, 'pos': 0.0, 'compound': -0.4404}
"From @RichardGrenell to @HeikoMaas ""No, this is not a #ceasefire , but it is just a break because #Hamas has run out of rockets!"" - delivered by #Iran, payed by the #EU#Israel @IsraelinGermany #IsraelUnderAttack #afd @inJAfDRichard Grenell@RichardGrenell · 21. Mai 2021This isn’t a ceasefire. Hamas is just running out of their rocket stockpile.41536"	neutral	-0.3054	{'neg': 0.046, 'neu': 0.954, 'pos': 0.0, 'compound': -0.3054}
Joint statement of @coe Secretary General @MarijaPBuric, @PACE_President and me on #Navalny and protests in #Russia. Council of Europe@coe Â· 4. Feb. 2021â€œWe call on Russian authorities to fully investigate all reported abusive actions against peaceful protesters & journalists, & to bring those responsible to justice, in order to live up to Russiaâ€™s obligations as a Council of Europe memberâ€ - #CoE leadershttps://coe.int/en/web/portal/-/aleksey-navalnyy-council-of-europe-leaders-urge-russia-to-respect-its-human-rights-obligationsâ€¦61537 	neutral	-0.2023	{'neg': 0.03, 'neu': 0.97, 'pos': 0.0, 'compound': -0.2023}
Treibt Moskau den #Gaspreis absichtlich in die HÃ¶he?@handelsblatt heute.Das Problem ist, dass die Energiepolitik nach wie vor nationalstaatliche Angelegenheit ist. Wir brauchen endlich einen echten europÃ¤ischen Energiebinnenmarkt anstatt eines Flickenteppichs nationaler MÃ¤rkte.225 	neutral	-0.2732	{'neg': 0.063, 'neu': 0.937, 'pos': 0.0, 'compound': -0.2732}
Hype um GrÃ¼ne +Kanzlerkandidatin @ABaerbock wird noch eine Weile andauern - entschieden wird der Wahlkampf aber ganz am Ende, wenn die WÃ¤hlerinnen+WÃ¤hler auf Programme und Personen schauen. Dann wird auch Kanzlertauglichkeit von @ABaerbock @ArminLaschet und @OlafScholz vermessen.27340 	neutral	-0.34	{'neg': 0.064, 'neu': 0.936, 'pos': 0.0, 'compound': -0.34}
Wir wollen nicht, dass Banken, die schlecht wirtschaften, mit Steuergeld kÃ¼nstlich am Leben gehalten werden.Die Letztsicherung ist ein Kredit, kein Zuschuss, der von den Banken spÃ¤ter auf Euro & Cent zurÃ¼ckbezahlt werden muss.- @sven_kindler zum Europ. StabilitÃ¤tsmechanismus5447 	neutral	-0.4588	{'neg': 0.079, 'neu': 0.921, 'pos': 0.0, 'compound': -0.4588}
Unserem Grundgesetz entspricht eine Gesellschaft, in der die Menschen im Rahmen des Gemeinwesens leben dÃ¼rfen, wie sie wollen und sterben dÃ¼rfen, wann sie wollen.Deshalb muss die Beihilfe zum Suizid geregelt werden, aber nicht im Strafrecht.- @KottingUhl zur #Sterbehilfe15961 	neutral	-0.6486	{'neg': 0.104, 'neu': 0.896, 'pos': 0.0, 'compound': -0.6486}
AfD ist auch an #Vatertag unterwegs.Wieder normal leben. Immer mehr Menschen wollen zurÃ¼ck in ihr altes Leben.2:175.127 Mal angezeigtVon AfD-Fraktion Berlin1933 	neutral	-0.2023	{'neg': 0.083, 'neu': 0.917, 'pos': 0.0, 'compound': -0.2023}
#MyanmarThe Irrawaddy (Eng)@IrrawaddyNews Â· 9. Mai 2021Evening Strike in MagweMAY 9, 2021More than a dozen of villages in Magwe Region staged an anti-regime protest on Sunday evening. (Photo: CJ)#WhatsHappeningInMyanmar110 	neutral	-0.2023	{'neg': 0.062, 'neu': 0.938, 'pos': 0.0, 'compound': -0.2023}
Bio!@Die_Gruenen @NABU_de @greenpeace_de @bioverband_de @BNN_eV @vzbv @bund_netRenate KÃ¼nast@RenateKuenast Â· 3. Sep. 2021Am 5.9. wird #Biosiegel 20 Jahre alt. Ich habe es damals als Ministerin ins Leben gerufen, um BIO in Mitte der Gesellschaft zu holen. Mit einem Blick kÃ¶nnen #Verbraucher auf Ã¼ber 93.000 Produkten Lebensmittel ohne Gentechnik, Chemie erkennen. @dpa @AFPde https://gruene-bundestag.de/presse/pressemitteilungen/20-jahre-biosiegel-bio-als-chance-fuer-kunden-und-bauern-statt-verhinderungspolitik-der-unionâ€¦124 	neutral	-0.2714	{'neg': 0.039, 'neu': 0.961, 'pos': 0.0, 'compound': -0.2714}
In den UK Daten zeigt sich, dass Omicron wie im Labor vorab gezeigt, doppelt Geimpfte ohne Booster leicht infiziert. 4 Monate nach der 2. Impfung dÃ¼rften 2/3 des Impfschutzes vor symptomatischer Infektion weg sein. Der Schutz vor schwerer Krankheit dÃ¼rfte lÃ¤nger anhalten.Prof. Christina Pagel@chrischirp Â· 12. Dez. 2021THREAD on UK covid situation, Omicron and what's happening...TLDR: Omicron increasing very fast and we are getting increasing evidence of significant ability to infect previously infected or vaxxed people. Expect UK response to change rapidly in response. 1/10Diesen Thread anzeigen1.2255494.586 	neutral	-0.8532	{'neg': 0.117, 'neu': 0.866, 'pos': 0.017, 'compound': -0.8532}
"(1) ZunÃ¤chst einmal bringt es jetzt wenig, nach hinten zu blicken. Schwerpunkt muss daher jetzt konsequenter Lockdown bleiben. ZusÃ¤tzlich sollte man prÃ¼fen, ob die Astra Impfstoff zugelassen werden kann und Verschiebung der 2. Dosis durch die Welle hilftsueddeutsche.deImpfstoff-Bestellung: Die EU hat falsch eingekauft""Die Kritik an der europÃ¤ischen Impfstoff-Strategie reiÃŸt nicht ab. Auch SPD-Experte Lauterbach hÃ¤lt das zÃ¶gerliche Vorgehen fÃ¼r falsch. Gesundheitsminister Spahn wiegelt ab3361561.809 """	neutral	-0.34	{'neg': 0.084, 'neu': 0.882, 'pos': 0.034, 'compound': -0.34}
Alexander Gauland bei Marzahner AfD: Deutschland ist nicht normal. Eine Dame, die noch nicht mal richtig VÃ¶lkerrecht studiert hat, die noch nie einem richtigen Beruf nachgegangen ist, die nicht weiÃŸ, wie ein Ministerium von innen aussieht, soll jetzt Kanzlerin werden? #AfD2695360 	neutral	-0.5216	{'neg': 0.101, 'neu': 0.899, 'pos': 0.0, 'compound': -0.5216}
Das sollte man lesen #NSU Dirk Laabs@DirkLaabs Â· 11. Nov. 2021Eine kleine Erinnerung: Heute vor zehn Jahren gegen 10 Uhr fÃ¤hrt die Archivarin N., Beamtin im Bundesamt fÃ¼r Verfassungsschutz, mit ihrem Kollegen, dem Sachbearbeiter B., in den Keller der BehÃ¶rde in KÃ¶ln. #nsuDiesen Thread anzeigen151166 	neutral	-0.1027	{'neg': 0.031, 'neu': 0.969, 'pos': 0.0, 'compound': -0.1027}
Wir brauchen eine solidarische flüchtlingspolitik für Europa. Wenn blockiert wird, brauchen wir eine Koalition der Willigen. @HESommer #Berlin #zuhause #machtdaslandgerecht21124	neutral	-0.2263	{'neg': 0.113, 'neu': 0.814, 'pos': 0.072, 'compound': -0.2263}
Jetzt Fragen nach den harten PolizeieinsÃ¤tzen gegen Kritiker der Corona-MaÃŸnahmen. @Kristin_Brinker: Die Polizei wurde zum Spielball gemacht worden, die Polizisten mussten so handeln, wÃ¤hrend sie in der Rigaer StraÃŸe die Samthandschuhe anziehen. #rbbwahl61129 	neutral	-0.128	{'neg': 0.099, 'neu': 0.845, 'pos': 0.056, 'compound': -0.128}
. @Janine_Wissler  hat im Kampf gegen steigende Infektionszahlen ein Ende sogenannter #Corona-â€ž#Modellprojekteâ€œ gefordert. ga.de Kampf gegen Infektionszahlen: Linke-Vorsitzende Wissler fordert Ende der Corona-Modellprojekte Die Co-Vorsitzende der Partei Die Linke, Janine Wissler, hat im Kampf gegen steigende Infektionszahlen ein Ende sogenannter Corona-â€žModellprojekteâ€œ wie in Nordrhein-Westfalen, Schleswig-Holstein oder... 13 25 137	neutral	-0.9246	{'neg': 0.275, 'neu': 0.678, 'pos': 0.047, 'compound': -0.9246}
#Luxemburg Tagung des EU-Agrarrates. Viele Themen:   Unser VorstoÃŸ zum europaweiten Verbot von #Tiertransporten in DrittlÃ¤nder  Unsere Initiative zum europaweiten Verbot der #Pelztierzucht  Reform der #GAP - Ergebnisse des Trilogs  #Fischereikontrolle etc 1:49 2.225 Mal angezeigt 20 2 40	neutral	-0.6597	{'neg': 0.137, 'neu': 0.863, 'pos': 0.0, 'compound': -0.6597}
"""Wir haben dafÃ¼r gesorgt, dass Einrichtungen in der Altenpflege Pflegeleistungen nur noch abrechnen kÃ¶nnen, wenn sie die Mitarbeiter*innen nach Tarif bezahlen"", erklÃ¤rt  @OlafScholz  in der #Wahlarena. ""Gleichzeitig sorgen wir dafÃ¼r, dass die BeitrÃ¤ge nicht zu stark steigen."" 10 12 60"	neutral	-0.5116	{'neg': 0.102, 'neu': 0.898, 'pos': 0.0, 'compound': -0.5116}
Hashtags wie #Homeschooling zeigen, wie hoch die Belastung fÃ¼r die meisten Eltern ist. Wie soll es weitergehen? Wir haben eure Fragen an unsere Familienministerin Franziska Giffey gesammelt. Ihre Antworten: https://link.spd.de/giffeyantwortet #SozialePolitikFÃ¼rDich 29 13 37	neutral	-0.1779	{'neg': 0.08, 'neu': 0.858, 'pos': 0.062, 'compound': -0.1779}
Die beunruhigende Entwicklung der Coronainfektionen verlangt einen Perspektivenwechsel. Wir mÃ¼ssen aufhÃ¶ren, die Lage aus der Sicht der notorischen Impfgegner zu betrachten und RÃ¼cksicht auf die GefÃ¤hrdeten und die groÃŸe Mehrheit der Geimpften nehmen. 112 37 185	neutral	-0.3818	{'neg': 0.069, 'neu': 0.931, 'pos': 0.0, 'compound': -0.3818}
Heute mit  @LutzvanderHorst  beim #CSD auf der BÃ¼hne. Ich war nur das Vorprogramm. Politik plus stimmungskillender Aufruf zum Maskentragen. Er brachte mit Injection of Love das Publikum zum Kochen. PrÃ¤ventions-Rock. Schade dass ich nicht singen kannâ€¦ 237 172 5.614	neutral	-0.25	{'neg': 0.05, 'neu': 0.95, 'pos': 0.0, 'compound': -0.25}
2019 waren es nur halb so viel! Frank SchÃ¤ffler @f_schaeffler  Â· 12. Apr. 2021 BaFin-Exekutivdirektorin Freiwald erklÃ¤rt im PUA Wirecard, dass Bafin-Mitarbeiter in 2020 rund 18.000 meldepflichtige AktiengeschÃ¤fte getÃ¤tigt haben. Die Auswertung lÃ¤uft noch bis Ende April. 1 5 24	neutral	-0.4003	{'neg': 0.068, 'neu': 0.932, 'pos': 0.0, 'compound': -0.4003}
(1) In USA wurde gerade Impfung von fast 9 Mio Kindern im Alter von 12-17 J ausgewertet. Schwerwiegende Impfkomplikationen gab es ungefÃ¤hr bei 1 von 10.000 Kindern. Darunter auch Myokarditis. Was bedeuten Ergebnisse? https://cdc.gov/mmwr/volumes/70/wr/pdfs/mm7031e1-H.pdfâ€¦ 401 376 2.721	neutral	-0.128	{'neg': 0.073, 'neu': 0.84, 'pos': 0.087, 'compound': -0.128}
. @LoetzschMdB  bringt Licht ins Dunkel des #Parlamentsbetriebs. Dieses Mal spricht sie mit  @CarenLay  Ã¼ber ihre Arbeit im #BauAusschuss.  Alle Folgen der Reihe Â»Hinter den Kulissen des BundestagesÂ«: https://linksfraktion.de/themen/nachrichten/detail/hinter-den-kulissen-des-bundestags/â€¦  #Mietenstopp #Mietenwahnsinn https://youtube.com/watch?v=TbDYeKA3UsQâ€¦ 2 9 16	neutral	-0.2732	{'neg': 0.063, 'neu': 0.937, 'pos': 0.0, 'compound': -0.2732}
Differenzierung zwischen drinnen und drauÃŸen sollte beim Infektionsschutzgesetz auf Bundesebene beachtet werden! Warum sollten z.B. Kinder nicht drauÃŸen Sport machen oder den Zoo im AuÃŸenbereich besuchen kÃ¶nnen, wenn gleichzeitig Kontakte in der Arbeitswelt reduziert werden? Tagesspiegel @Tagesspiegel  Â· 12. Apr. 2021 â€žDRINNEN lauert die Gefahrâ€œ: FÃ¼hrende Aerosolforscher aus Deutschland fordern einen Kurswechsel bei den #Corona-MaÃŸnahmen. Ausgangssperren sehen sie kritisch. https://tagesspiegel.de/politik/drinnen-lauert-die-gefahr-aerosolforscher-fordern-kurswechsel-in-der-coronapolitik/27086048.htmlâ€¦ 26 27 214	neutral	-0.4753	{'neg': 0.063, 'neu': 0.937, 'pos': 0.0, 'compound': -0.4753}
Auch Obama will keine SteuererhÃ¶hungen, sondern lieber Steuersenkungen - nicht nur bei der Hundesteuer. #Welthundetag 3 2 58	neutral	-0.357	{'neg': 0.15, 'neu': 0.85, 'pos': 0.0, 'compound': -0.357}
"Regnerisch grauer Montag im Norden.
Hier wird eine Wallbox installiert, um kÃ¼nftig auch ein Elektrofahrzeug aufladen zu kÃ¶nnen.
So geht man mit der Zeit.
35
4
20"	neutral	-0.25	{'neg': 0.074, 'neu': 0.926, 'pos': 0.0, 'compound': -0.25}
"Heute ist #Klimastreik! Dazu sagt #RalphLenkert: ""Ohne die 
@FridayForFuture
-Bewegung wÃ¤re das Bewusstsein, in Gesellschaften handeln zu mÃ¼ssen, nicht gewachsen. Klimastreiks von FFF sind unverzichtbar.""
2
7
40"	neutral	-0.3244	{'neg': 0.085, 'neu': 0.915, 'pos': 0.0, 'compound': -0.3244}
"Die 
@Linksfraktion
 hat mit dem 
@DIW_Berlin
 ein Konzept fÃ¼r eine #VermÃ¶gensabgabe entwickelt, die lediglich 0,7% der BevÃ¶lkerung trifft & langfristig ca. 310 Mrd bringt. Adenauer hat eine solche damals in einer schwierigen Situation umgesetzt, so wie es das #Grundgesetz vorsieht.
19
55
217"	neutral	-0.34	{'neg': 0.055, 'neu': 0.945, 'pos': 0.0, 'compound': -0.34}
"#wegenmorgen Unterlagen fÃ¼r die Teilnahme am digitalen Parteitag am 15./16. Januar sind da 
30
13
84"	neutral	-0.296	{'neg': 0.128, 'neu': 0.872, 'pos': 0.0, 'compound': -0.296}
"Bekommen #Union & #FDP diese Nachrichten eigentlich auch?
sueddeutsche.de
Audi setzt Schlusspunkt fÃ¼r Benzin und Diesel
Verbrenner-Aus: Von 2026 an gibt es keine neuen Audi-Modelle mehr mit Benzin oder Diesel
91
124
1.006"	neutral	-0.3412	{'neg': 0.072, 'neu': 0.928, 'pos': 0.0, 'compound': -0.3412}
"Weâ€™re not always the best in communicating our efforts but: nobody supports the #WesternBalkans more than the EU! 14.2 bn â‚¬  support until 2027 decided yesterday. Well invested in democracy, #RuleOfLaw, anti-corruption, climate protection, civil society, jobs&digitalisation 
1
10
58"	neutral	-0.3054	{'neg': 0.056, 'neu': 0.944, 'pos': 0.0, 'compound': -0.3054}
"(1) Damit wir die Zahl der Schwerkranken und Toten durch Omicron reduzieren kÃ¶nnen ist der eingedchlagene Weg  â€žBoosterimpfungen im Rekordtempoâ€œ. Nach Boosterimpfung ist das Risiko gering. Die Strategie bleibt: so viele Boosterimpfungen wie mÃ¶glich
spiegel.de
(S+) Coronapandemie: Warum Israel dem Rest der Welt einen Schritt voraus ist
Omikron ist auch in Israel angekommen. Die Regierung von Premierminister Naftali Bennett versucht den Lockdown zu umgehen â€“ mit einer MaÃŸnahme, die sich weltweit noch niemand getraut hat.
1.147
245
3.370"	neutral	-0.8271	{'neg': 0.116, 'neu': 0.884, 'pos': 0.0, 'compound': -0.8271}
"Keine SteuererhÃ¶hungen, BÃ¼rokratieabbau, teilweise Kapitaldeckung in der Rente. Und dann sagt er sowas? Was ist dann die GroKo-Bilanz mit MÃ¼tterrente, EinfÃ¼hrung des Mindestlohn etc.? Das kommunistische Manifest? Opposition muss er noch Ã¼ben. Das ist mehr als Phrasen dreschen!
250
291
4.438"	neutral	-0.3031	{'neg': 0.053, 'neu': 0.947, 'pos': 0.0, 'compound': -0.3031}
"Bundesfinanzministerium verschÃ¤rft Besteuerung von KryptowÃ¤hrungen #Bitcoin #BTC
btc-echo.de
Bundesfinanzministerium will Besteuerung von KryptowÃ¤hrungen verschÃ¤rfen
Das BMF hat einen Entwurf fÃ¼r die Besteuerung von KryptowÃ¤hrungen vorgelegt. Der Krypto-Handel dÃ¼rfte in vielen Punkten teurer werden.
14
18
31"	neutral	-0.7579	{'neg': 0.21, 'neu': 0.79, 'pos': 0.0, 'compound': -0.7579}
"Nach dem Beitrag der JÃ¼ngeren zum Schutz der Ã„lteren in der Pandemie brauchen wir jetzt einen Beitrag von uns allen fÃ¼r die JÃ¼ngeren: Eine Politik, die endlich in Jahrzehnten denkt statt bis Ende der Legislatur. Bei den drei Ds:
Digitalisierung, Dekarbonisierung & Demographie!
8
7
134"	neutral	-0.2714	{'neg': 0.059, 'neu': 0.905, 'pos': 0.035, 'compound': -0.2714}
"Allerdings ist fÃ¼r uns noch gar nichts gewonnen, denn der Genosse Trend kann ein launischer Geselle sein und wir mÃ¼ssen noch knapp fÃ¼nf Wochen hart arbeiten und um jede Stimme kÃ¤mpfen fÃ¼r unsere 
@spdde
 und den Kanzlerkandidaten 
@OlafScholz
24
11
141"	neutral	-0.4588	{'neg': 0.116, 'neu': 0.884, 'pos': 0.0, 'compound': -0.4588}
"Gestern haben in Berlin-Pankow mehrere dutzend Menschen gegen die zahlreichen Entlassungen beim Lieferdienst Gorillas protestiert. Dazu sagt 
@pascalmeiser
: â€œDas Gorillas-Management betreibt einen gefÃ¤hrlichen Eskalationskurs. Gorillas muss sich endlich mit den Streikenden (1/3)
3
23
139"	neutral	-0.4939	{'neg': 0.116, 'neu': 0.884, 'pos': 0.0, 'compound': -0.4939}
