Die SchulbÃ¼rokratie hÃ¤lt mit der #Corona-Herausforderung nicht Schritt, die Finanzverwaltung wird in die Auszahlung der Hilfen nicht einbezogen. So geht Vertrauen in die Politik verloren zu einem Zeitpunkt, wo sie das Vertrauen der BevÃ¶lkerung besonders benÃ¶tigt. (tm) #MerzMail 116 80 761	negative	0.8341	{'neg': 0.05, 'neu': 0.742, 'pos': 0.208, 'compound': 0.8341}
"""Diese Regierung hat das Vertrauen der BevÃ¶lkerung komplett verloren! Es ist Zeit fÃ¼r die Vertrauensfrage hier im Parlament."" #Osterlockdown #MerkelMussWeg #AfD 0:33 1.260 Mal angezeigt 18 48 184"	negative	0.2481	{'neg': 0.078, 'neu': 0.813, 'pos': 0.109, 'compound': 0.2481}
Unsere Migrationspolitik muss ethischen AnsprÃ¼chen nicht nur der Absicht nach, sondern auch im Ergebnis gerecht werden. Ãœber #Migration, #Rechtsstaat & #Europa habe ich mit  @manuelbewarder  &  @LeubecherX  gesprochen.  @welt welt.de Teuteberg zu Migration: â€žVon Kontrolle keine Redeâ€œ - WELT Linda Teuteberg hÃ¤lt Europas Versuche, die Migration zu steuern, fÃ¼r gescheitert. Im Interview kritisiert die migrationspolitische Sprecherin der FDP die ZurÃ¼ckhaltung der Bundesregierung â€“ und wirft... 8 39 238	negative	0.4019	{'neg': 0.02, 'neu': 0.935, 'pos': 0.045, 'compound': 0.4019}
". @KaczmarekOliver : ""Diese BAfÃ¶G-Zahlen sind dramatisch."" Und sie gehen auf das Konto von Frau Karliczek.  @OlafScholz  hatte #BAfÃ¶G-Mittel fÃ¼r eine echte Trendwende bereitgestellt - doch #Karliczek lieÃŸ sie liegen, forderte stattdessen eine Weiterentwicklung in der nÃ¤chsten WP.  Statistisches Bundesamt @destatis  Â· 5. Aug. #BAfÃ¶G: Im Jahr 2020 gab es 6 % weniger GefÃ¶rderte als im Vorjahr. Die Ausgaben fÃ¼r BAfÃ¶G-Leistungen stiegen jedoch um 9,2 % auf rund 2,9 Milliarden Euro. Mehr dazu: https://destatis.de/DE/Presse/Pressemitteilungen/2021/08/PD21_369_214.htmlâ€¦ 1 8 26"	negative	0.694	{'neg': 0.0, 'neu': 0.907, 'pos': 0.093, 'compound': 0.694}
"Kleiner Tipp,  @soerenbartol : Wenn SPD, GrÃ¼ne und Linke ziemlich vorhersehbar und damit fast willentlich gegen das Grundgesetz verstoÃŸen, sind nicht die KlÃ¤ger schuld. Denkt mal drÃ¼ber nach, bevor ihr Mieterinnen und Mieter das nÃ¤chste Mal ins offene Messer laufen lasst. SPD-Fraktion im Bundestag @spdbt  Â· 15. Apr. 2021 â€žEs ist kein Geheimnis, dass den KlÃ¤gern aus Reihen der CDU und FDP die Sorgen von Mieterinnen und Mietern vollkommen egal sind. Im Gegenteil: Sie sind die AnwÃ¤lte der Immobilienlobby im Deutschen Bundestag"", kommentiert @soerenbartol das #BVerfG-Urteil zum #Mietendeckel. Diesen Thread anzeigen 9 25 291"	negative	0.5158	{'neg': 0.034, 'neu': 0.908, 'pos': 0.058, 'compound': 0.5158}
Ali oder Defne, Leyla oder Mehmet gehÃ¶ren zum modernen Deutschland. #Antisemitismus - ob importiert oder hier gewachsen - tut es nie. Strukturen, die ihn begÃ¼nstigen, mÃ¼ssen wir benennen und bekÃ¤mpfen. Egal ob es die neue Rechte oder der politische Islamismus ist. 26 17 236	negative	0.836	{'neg': 0.0, 'neu': 0.793, 'pos': 0.207, 'compound': 0.836}
Klare Sprache, klare Analyse was hier gerade passiert im #Wahlkampf.  @sigmargabriel Sigmar Gabriel @sigmargabriel  Â· 5. Juli 2021 Ich bin bestimmt kein GrÃ¼nwÃ¤hler, aber was mit @ABaerbock passiert, zeigt nur, wie armselig der Wahlkampf ist. AB sollte es als â€žWertschÃ¤tzungâ€œ im wÃ¶rtlichen Sinn nehmen. Sie wird nur auf ihre politische â€žSchussfestigkeitâ€œ getestet. Mehr ist es nicht. Einfach stehenbleiben.â€¦ 1/2 Diesen Thread anzeigen 12 23 206	negative	0.2589	{'neg': 0.069, 'neu': 0.834, 'pos': 0.097, 'compound': 0.2589}
Khalid kommt aus Syrien, lebt seit eineinhalb Jahren in #Karatepe und ist auf einen Rollstuhl angewiesen. Es gibt im Camp fast nur Schotterwege und nur wenige Behindertentoiletten, wenn er zur Toilette muss, muss er zwei Menschen fragen, ob sie helfen kÃ¶nnen. #lesbos #linke 12 28 139	negative	0.4404	{'neg': 0.0, 'neu': 0.939, 'pos': 0.061, 'compound': 0.4404}
Heute vor 20 Jahren las ich zu allererst auf  @spiegelonline , dass ein Flugzeug in the #TwinTowers in #NewYork geflogen war. Danach stand ich stundenlang fassungslos und mit wachsenden Entsetzen vor dem Radio, spÃ¤ter vor einem Fernseher irgendwo in KÃ¶ln. #11september2001 3 7 95	negative	0.2732	{'neg': 0.0, 'neu': 0.95, 'pos': 0.05, 'compound': 0.2732}
Austritt aus der #IstanbulKonvention, Beantragung des HDP-Verbots: Der tÃ¼rkische PrÃ¤sident Erdogan setzt seinen anti-demokratischen Kurs fort.  Deshalb haben wir eine #AktuelleStunde zur Menschenrechtslage in der TÃ¼rkei beantragt. @BriHasselmann  dazu: gruene-bundestag.de GrÃ¼ne beantragen Aktuelle Stunde zur Menschenrechtslage in der TÃ¼rkei Der tÃ¼rkische PrÃ¤sident Erdogan setzt seinen anti-demokratischen Kurs fort. Mit der Beantragung des HDP-Verbots durch die von Erdogan gelenkte Justiz sowie dem Austritt aus der Istanbul-Konvention... 16 25 108	negative	0.1779	{'neg': 0.0, 'neu': 0.975, 'pos': 0.025, 'compound': 0.1779}
Zu unseren StÃ¤nden kommen verzweifelte Menschen. Sie wollen sich nicht #impfen lassen & werden jetzt gebrandmarkt & drangsaliert. Von Arbeitgebern,Freunden & vom Staat. Das Vertrauen in Recht & Freiheit ist nachhaltig zerstÃ¶rt. Wir sind ihre letzte parlamentarische Hoffnung! #AfD 93 300 1.099	negative	0.902	{'neg': 0.072, 'neu': 0.621, 'pos': 0.307, 'compound': 0.902}
Diese Frage an  @jensspahn  haben viele und ich habe keinen Zweifel daran, dass irgendwann die Antwort ans Tageslicht kommt. Besser wÃ¤re jedoch, wenn man sowas nicht stÃ¤ndig erstreiten mÃ¼sste, sondern derlei Daten grundsÃ¤tzlich transparent sein mÃ¼ssen. #spenden #transparenz Florian Hacke @monstre78  Â· 1. Juli 2021 Auch eine Frage an Jens Spahn  1:11 38.341 Mal angezeigt 3 19 63	negative	0.2585	{'neg': 0.044, 'neu': 0.879, 'pos': 0.077, 'compound': 0.2585}
Bis zum heutigen #Steuerzahlergedenktag haben die freien BÃ¼rger finanziell nur fÃ¼r den Staat geknechtet. DafÃ¼r, dass die Kartellparteien das Geld dann meist fÃ¼r Irrsinnsprojekte zum Fenster rauswerfen. Daher das Geld lieber beim BÃ¼rger lassen. #CDUbeutetmitaus #FDPverhindertnix 53 186 770	negative	0.7269	{'neg': 0.0, 'neu': 0.858, 'pos': 0.142, 'compound': 0.7269}
RegierungserklÃ¤rung von Herrn Spahn im Bundestag zeigt, dass Frage zu Impfstoffmengen mehr als berechtigt sind und sich (auÃŸer bei Rechtsradikalen)keineswegs gegen gemeinsame europÃ¤ische Beschaffung richten. Infektionsgeschehen+ bedrÃ¼ckende Todeszahlen verlangen rasche Abhilfe! 8 2 7	negative	0.2714	{'neg': 0.0, 'neu': 0.935, 'pos': 0.065, 'compound': 0.2714}
Es muss jetzt darum gehen, im konstruktiven Miteinander von Bund, LÃ¤ndern und Kommunen die gefÃ¤hrliche dritte Infektionswelle zu Ã¼berwinden und zeitnah aus der immensen Krise zu kommen. Dazu bedarf es auch der (bedrohlich schwindenden) Akzeptanz der BevÃ¶lkerung. 69 3 10	negative	0.4767	{'neg': 0.098, 'neu': 0.716, 'pos': 0.187, 'compound': 0.4767}
Irgendwann wird die Ampel auch Ã¼ber das reden mÃ¼ssen, was sie trennt u dann wird wohl klar: weder Mindestlohn- noch SteuererhÃ¶hungen werden kommen, Hartz4 Sanktionen bleiben, die Klimapolitik wird aus Mrd Subventionen fÃ¼r d Industrie bestehen, soziale Gerechtigkeit kommt nicht. phoenix @phoenix_de  Â· 6. Okt. 2021 Das Land kann sich keine lange HÃ¤ngepartie leisten! Bei den #SondierungsGesprÃ¤chen habe man Ã¼ber Gemeinsamkeiten und nicht Ã¼ber Trennendes geredet, sagt @abaerbock. Sie schlÃ¤gt wegen der Gemeinsamkeiten ein DreiergesprÃ¤ch zwischen  @diegruenen  @fdp und @spd_de vor. 13 40 130	negative	0.7777	{'neg': 0.017, 'neu': 0.877, 'pos': 0.106, 'compound': 0.7777}
Die #AfD sagt es schon lange: Eine Minderheit macht mit Hilfe der Massenmedien Druck auf die Meinungsfreiheit der Mehrheit in Deutschland. Zu diesem Ergebnis kommt auch eine aktuelle Allensbach-Studie. faz.net Allensbach-Umfrage: Eine Mehrheit fÃ¼hlt sich gegÃ¤ngelt Nach dem Eindruck vieler Deutscher ist es um die Meinungsfreiheit derzeit so schlecht bestellt wie nie zuvor in der Bundesrepublik: Etwas weniger als die HÃ¤lfte glauben, man kÃ¶nne seine politische... 74 186 568	negative	0.7126	{'neg': 0.049, 'neu': 0.814, 'pos': 0.137, 'compound': 0.7126}
"Derartige â€žKarrierenâ€œ beginnen meist schon in der Schule: Copy & Paste, nett lÃ¤cheln bei der â€žPowerPoint-PrÃ¤sentationâ€œ und schon hat man das Abitur so gut wie in der Tasche.    ""Jahrzehntelange Methode""? #Baerbock schrieb auch in Ã¤lteren Schriften ab tichyseinblick.de ""Jahrzehntelange Methode""? Baerbock schrieb auch in Ã¤lteren Schriften ab In einer neuen Medieninformation hat PlagiatsjÃ¤ger Stefan Weber neue Funde prÃ¤sentiert. Auch in Ã¤lteren Schriften der grÃ¼nen Kanzlerkandidatin wÃ¼rden sich laut Weber zahlreiche problematische Stellen... 2 13 23"	negative	0.8847	{'neg': 0.028, 'neu': 0.82, 'pos': 0.153, 'compound': 0.8847}
+++#Umweltminister Glauber: Apostel der #Klima-#Religion â€“ Sektenhafter Zugang zu natÃ¼rlichen Herausforderungen macht vernÃ¼nftige #Politik unmÃ¶glich+++   #AfD #abernormal   https://afdkompakt.de/2021/08/09/umweltminister-glauber-apostel-der-klima-religion-sektenhafter-zugang-zu-natuerlichen-herausforderungen-macht-vernuenftige-politik-unmoeglich/â€¦ 8 13 62	negative	0.4767	{'neg': 0.0, 'neu': 0.814, 'pos': 0.186, 'compound': 0.4767}
Da musste ich gerade echt 2x hinsehen... Wie peinlich, substanzlos und anmaasend.  Offensichtlich ein Anfall moralischer Ãœberheblichkeit. Oder wollen wir den USA nun allen Ernstes erklÃ¤ren, wie Demokratie funktioniert? 125 170 1.060	negative	0.2263	{'neg': 0.081, 'neu': 0.759, 'pos': 0.16, 'compound': 0.2263}
Die #FDP will schlicht davon ablenken, dass sie sich in der Coronapolitik Wahlkampf bedingt vÃ¶llig vergaloppiert hat. Dabei zeigt der Wende-Wissing gern noch auf andere   @BILDamSONNTAG  Super Niveau!  Dorothee BÃ¤r @DoroBaer  Â· 5. Dez. 2021 Was ist das denn fÃ¼r ein Wischi-Waschi von @Wissing? Impfpflicht â€žmÃ¶glichstâ€œ jedem einzelnen Abgeordneten Ã¼berlassen? Was will die @fdpbt jetzt eigentlich? Spannendes ParlamentsverstÃ¤ndnis. Impfpflicht jetzt! 1 10 38	negative	0.7733	{'neg': 0.025, 'neu': 0.866, 'pos': 0.109, 'compound': 0.7733}
Das Ansehen und die  ArbeitsfÃ¤higkeit des Deutschen Bundestages werden durch die vÃ¶llig gescheiterte #Wahlrechtsreform von CDU, CSU und SPD gefÃ¤hrdet. FÃ¼r dieses Debakel trÃ¤gt allen voran die #CSU, und mit ihr CDU und SPD, die Verantwortung. thepioneer.de Die Ampel-Koalition fÃ¼r die Wahlrechtsreform Weil der Bundestag auf RekordgrÃ¶ÃŸe wÃ¤chst, wollen SPD, GrÃ¼ne und FDP eine Reform - ohne die Union. 7 12 89	negative	0.2263	{'neg': 0.0, 'neu': 0.969, 'pos': 0.031, 'compound': 0.2263}
Das Verhalten von Union & GrÃ¼nen in #BadenWuerttemberg und #ThÃ¼ringen ist NICHT hinnehmbar.  @larsklingbeil : â€žWer der AfD Raum lÃ¤sst, macht sie unnÃ¶tig stark. Das sind Spalter und Hetzer, denen gibt man keinen Raum fÃ¼r politische Spielchen!â€œ #keinfussbreit 101 113 544	negative	0.68	{'neg': 0.0, 'neu': 0.869, 'pos': 0.131, 'compound': 0.68}
Isso! Tim Pommerenke @meinnameseitim  Â· 26. Feb. 2021 Traditionalisten gegen Modernisierer: Warum die GroÃŸe Koalition ihr Versprechen an den Esport nicht eingelÃ¶st hat. DarÃ¼ber habe ich mit @DoroBaer, @nouripour, dem @DOSB und @Oroaranion vom @ESBD_Verband gesprochen. @derspiegel  https://open.spotify.com/episode/26HDPN6wVxogcTjIKt0a8v?si=b15209598c6a479câ€¦ 1 6	negative	0.5707	{'neg': 0.0, 'neu': 0.885, 'pos': 0.115, 'compound': 0.5707}
Guten Morgen ! Die Flutkatastrophe macht schonungslos deutlich: Nach 16 Jahren Merkel & drei Jahren Seehofer sind die Warnsysteme in Deutschland auf dem Stand eines Entwicklungslandes. Wo sind die Katastrophenschutz-Lektionen aus dem Elbhochwasser 2002? https://facebook.com/Prof.Dr.Joerg.Meuthen/posts/2005519949596700â€¦ 60 150 646	negative	0.6239	{'neg': 0.042, 'neu': 0.815, 'pos': 0.143, 'compound': 0.6239}
Die BReg hat IMMER NOCH NICHT geantwortet. Mehr Verachtung fÃ¼r die Opposition und den BÃ¼rger geht nicht. Was wird hier vertuscht? Unsere glorreichen Politiker wissen anscheinend nicht einmal, wie viele #OrtskrÃ¤fte wir Ã¼berhaupt in #Afghanistan hatten. #nurnochAfD Beatrix von Storch @Beatrix_vStorch  Â· 6. Sep. 2021 Wie viele OrtskrÃ¤fte hatten wir in #Afghanistan? Eine Frage, die die BuReg - nach der Evakuierung! - beantworten kÃ¶nnen sollte, oder? Kann sie aber nicht. Oder sie will nicht. Das parlamentarische #Fragerecht wird so zur Farce. Antwortfrist normal: eine Woche. Morgen sind 3 rum. 22 113 298	negative	0.8539	{'neg': 0.033, 'neu': 0.858, 'pos': 0.109, 'compound': 0.8539}
Wenn Kinder und Jugendliche nur noch vorm Rechner oder Tablet sitzen, kann es kritisch werden. Aber es gibt Hilfe, wie dieser Beitrag oder meine Kampagne http://familiefreundefollower.de zeigen. Gesunde Mediennutzung kann jeder und sollte jeder lernen! focus.de Hilfe, mein Kind ist internetsÃ¼chtig! Was Sie als Eltern jetzt tun sollten - Video Immer mehr Kinder und Jugendliche kÃ¶nnen die Nutzung digitaler Medien nicht mehr kontrollieren und entwickeln regelrecht Suchtsymptome â€“ gerade die Pandemie hat diesen Effekt verstÃ¤rkt. Als Eltern... 43 6 6	negative	0.9133	{'neg': 0.023, 'neu': 0.821, 'pos': 0.156, 'compound': 0.9133}
#USA, #Australien und #GroÃŸbritannien machen derweil harte #China-Politik - und #Frankreich wird kalt erwischt, denn das 90-Mrd-U-Boot-GeschÃ¤ft mit AUS hat sich in Luft aufgelÃ¶st. Schwerer Schlag fÃ¼r frz. Industrie. #AUKUS #Indopazifik  https://twitter.com/PoliticoRyan/status/1438253055020093450?s=20â€¦ Alexander Lambsdorff @Lambsdorff  Â· 15. Sep. 2021 Bilanz der #China-Politik von Angela #Merkel  Gut ist anders, sehr diplomatisch ausgedrÃ¼ckt. Ein Neustart ist nÃ¶tig. #btw21 #AuÃŸenpolitik twitter.com/thorstenbennerâ€¦ 10 6 39	negative	0.101	{'neg': 0.122, 'neu': 0.765, 'pos': 0.113, 'compound': 0.101}
Das ist ein neuer Tiefpunkt zwischen der #NATO und #Russland. So lassen sich keine #Konflikte lÃ¶sen. Denn fÃ¼r #AbrÃ¼stung, RÃ¼stungskontrolle und Frieden braucht es den Dialog zwischen der  NATO Russland. spiegel.de Reaktion auf Umgang mit Diplomaten: Russland stellt Arbeit seiner Nato-Vertretung ein KÃ¼rzlich hatte die Nato acht russischen Diplomaten die Zulassung entzogen. Nun reagiert Russland und zieht Angestellte in BrÃ¼ssel ab. 5 8 23	negative	0.7717	{'neg': 0.025, 'neu': 0.866, 'pos': 0.109, 'compound': 0.7717}
+++AfD-Frau redet Tacheles und wird angeschrien!+++  Die #AfD-Bundestagsabgeordnete Corinna Miazga redet Tacheles. Wo sitzen die wahren geistigen #Brandstifter, die nicht selten #Vorbild und Rechtfertigung fÃ¼r physische Brandstifter sind? #abernormal  https://afdkompakt.de/2021/08/06/afd-frau-redet-tacheles-und-wird-angeschrien/â€¦ 31 149 460	negative	0.3802	{'neg': 0.0, 'neu': 0.925, 'pos': 0.075, 'compound': 0.3802}
Es wird mehr Schulabbrecher geben, weil den SchÃ¼lern der direkte Kontakt zu den Lehrern fehlte.   AfD hat auf diese Gefahr hingewiesen. Alle anderen sangen das hohe Lied der Digitalisierung.  Bildungsmonitor: Sachsen und Bayern wieder mit Bestnoten spiegel.de Bildungsmonitor: Sachsen und Bayern wieder mit Bestnoten Sachsen vorn, Bremen hinten: Wie die BundeslÃ¤nder in Sachen Bildung abschneiden, zeigt eine neue Studie. Wegen Corona mÃ¼ssen massive LernrÃ¼ckstÃ¤nde aufgeholt werden. 3 14	negative	0.4939	{'neg': 0.071, 'neu': 0.803, 'pos': 0.126, 'compound': 0.4939}
Was mir zu kurz kommt: konsequente Kontrolle der Einhaltung der Corona-MaÃŸnahmen und Sanktionierung bei Nichteinhaltung. FÃ¼r ihre Sicherheit und Gesundheit im Ã¶ffentlichen Leben mÃ¼ssen sich Geimpfte, Genesene und Getestete auf die Einhaltung der Auflagen verlassen kÃ¶nnen. 424 78 441	negative	0.9081	{'neg': 0.033, 'neu': 0.679, 'pos': 0.288, 'compound': 0.9081}
"""Wir mÃ¼ssen #Corona als Warnschuss verstehen und die MÃ¤ngel im globalen Gesundheitssystem beseitigen, die durch Corona offensichtlich geworden sind"", sagt Georg #Kippels. Das ganze Interview hier: https://cducsu.de/presse/texte-und-interviews/gesundheit-ganzheitlich-denkenâ€¦  #Weltgesundheitstag #WorldHealthDay  @WHO_Europe_DE 47 4 7"	negative	0.2732	{'neg': 0.0, 'neu': 0.872, 'pos': 0.128, 'compound': 0.2732}
"â€¦ und immer wenn Du meinst, es geht nicht schlimmer, kommt der #staatfunk aus der #Gruselecke! #bloedermann MDR AKTUELL @MDRAktuell  Â· 14. Sep. 2021 Deutscher Fernsehpreis fÃ¼r Jan BÃ¶hmermanns ""ZDF Magazin Royale"": Wie die Jury mitteilte, erhÃ¤lt der Moderator den Preis in der der Kategorie ""Bestes Buch Unterhaltung"". 35 23 93"	negative	0.8037	{'neg': 0.0, 'neu': 0.854, 'pos': 0.146, 'compound': 0.8037}
Erst im Mai haben wir mit der Union die Verabredung getroffen, den CO2-Preis fair zwischen Mieter*innen und Vermieter*innen aufzuteilen. Nun sieht die CDU dafÃ¼r plÃ¶tzlich keine parlamentarische Mehrheit! 1/3 140 100 492	negative	0.5093	{'neg': 0.0, 'neu': 0.904, 'pos': 0.096, 'compound': 0.5093}
TAZ empfiehlt  @Die_Gruenen  ziemlich direkt  @ABaerbock  durch #RobertHabeck auszutauschen. Soll das richtige Antwort auf eine solche Kampagne sein? Bei  @ABaerbock  war sicher manches unglÃ¼cklich,aber war es nicht Habeck, der deutsche Waffenlieferungen an die Ukraine gefordert hatte? 71 14 35	negative	0.7941	{'neg': 0.0, 'neu': 0.817, 'pos': 0.183, 'compound': 0.7941}
Die #Gensequenzierung nach positivem #Corona -Test wird jetzt Pflicht. Jetzt, nicht vor Monaten. Schwache Arbeit  @BMG_Bund 5 6 66	negative	0.6866	{'neg': 0.0, 'neu': 0.678, 'pos': 0.322, 'compound': 0.6866}
Ich bin erschÃ¼ttert Ã¼ber das AusmaÃŸ der Ãœberschwemmungen und die vielen Toten und Vermissten. Meine Gedanken sind bei den Betroffenen und allen, die an der Rettung von Menschen beteiligt sind, den Freiwilligen und EinsatzkrÃ¤ften, die unermÃ¼dlich und unter hohem Risiko arbeiten. 9 53 444	negative	0.4404	{'neg': 0.112, 'neu': 0.702, 'pos': 0.186, 'compound': 0.4404}
Wer auf #Synagogen marschiert oder sie angreift, lÃ¤sst einfach nur seinem #Antisemitismus freien Lauf und ist ein Fall fÃ¼r die Staatsanwaltschaft. FÃ¼r diese unertrÃ¤glich antisemitischen Angriffe kann es weder eine Rechtfertigung noch Entschuldigung geben.  #Gelsenkirchen 5 22 118	negative	0.0772	{'neg': 0.117, 'neu': 0.759, 'pos': 0.124, 'compound': 0.0772}
#Ostdeutsche sind bei allen Fortschritten auch 30 Jahre nach der #Einheit vielfach BÃ¼rger zweiter Klasse. #Ostdeutschland hat den grÃ¶ÃŸten Niedriglohnsektor Westeuropas. Die neue #Bundesregierung muss LÃ¶hne und Renten zwischen Ost und West zÃ¼gig angleichen und insgesamt anheben. 48 41 231	negative	0.8316	{'neg': 0.032, 'neu': 0.769, 'pos': 0.199, 'compound': 0.8316}
"Wie im #Sozialismusâ€¦ MDR AKTUELL @MDRAktuell  Â· 18. Okt. 2021 Nicht genug Papier fÃ¼r BÃ¼cherdruck: Rohstoffknappheit trifft auch Verlage. Verlagschef von C.H. Beck sagte dem ""Handelsblatt"", bei vielen BÃ¼chern sei vor Weihnachten kein Nachdruck mehr mÃ¶glich. 69 19 99"	negative	0.347	{'neg': 0.0, 'neu': 0.94, 'pos': 0.06, 'compound': 0.347}
Ich bin ja jetzt politisch klar zu verorten. Das Fingerzeigen, angesichts der FehleinschÃ¤tzungen bzgl der Lage in #Afghanistan, innerhalb der Bundesregierung, nervt mich allerdings auch. Das allein zeigt ja anscheinend mangelnde Koordinierung. 4 4 11	negative	0.3182	{'neg': 0.069, 'neu': 0.8, 'pos': 0.131, 'compound': 0.3182}
Wenn erzkonservative Wessis losziehen, um in #ThÃ¼ringen fÃ¼r â€œInnere Sicherheitâ€ zu sorgenâ€¦â€¦ Matthias Meisner @MatthiasMeisner  Â· 27. Juni 2021 Ich habe mir das neue Buch â€žCorona-Diktaturâ€œ von Helmut Roewer angetan. Manches befÃ¼rchtet, aber eine solch krasse Ansammlung von verschwÃ¶rungsideologischem und antidemokratischem Gedankengut dann doch nicht erwartet. Ein paar Beispiele im #Thread: Diesen Thread anzeigen 4 7 72	negative	0.6908	{'neg': 0.0, 'neu': 0.903, 'pos': 0.097, 'compound': 0.6908}
Die Linksterroristen der #Rigaer94 bleiben frei und unbehelligt. WÃ¤hrenddessen sitzt Georg Thiel im Knast, weil er nicht fÃ¼r ARD und ZDF bezahlen will. Das ist: linker Gesinnungsstaat statt Rechtsstaat. #FreeGeorgThiel 103 534 1.749	negative	0.4767	{'neg': 0.0, 'neu': 0.912, 'pos': 0.088, 'compound': 0.4767}
Klimakanzler & Klimaregierung waren Schlagworte dieser Wahl. Daran wird  gemessen werden. Das nÃ¤chste wichtige Ereignis zur BekÃ¤mpfung des Klimawandels findet aber schon in wenigen Tagen statt & bisher sieht es fÃ¼r die #COP26 nicht gut aus. Das muss uns allen Sorge bereiten! 12 7 110	negative	0.0869	{'neg': 0.094, 'neu': 0.804, 'pos': 0.101, 'compound': 0.0869}
Die rassistischen Ausschreitungen nach dem EM-Finale zeigen, wie viel noch zu tun ist, im FuÃŸball und in unserer ganzen Gesellschaft: Es ist lÃ¤ngst Ã¼berfÃ¤llig, rassistische Strukturen aus der Gesellschaft zu beseitigen - Ã¼berall! Wir zeigen Flagge - an jedem Tag! #SayNoToRacism 186 118 520	negative	0.2225	{'neg': 0.0, 'neu': 0.956, 'pos': 0.044, 'compound': 0.2225}
â€žUnion und SPD hÃ¤tten aus ihrer Regierungszeit eineinhalb Modernisierungsjahrzehnte machen kÃ¶nnen.â€œ â€“ Wichtige Zukunftsfragen sind sie nicht angegangen. Dass es die ganzen Jahre mÃ¶glich gewesen wÃ¤re, hat das grÃ¼ne Baden-WÃ¼rttemberg gezeigt.  @ABaerbock  auf unserem #wahlparteitag 26 39 238	negative	0.4019	{'neg': 0.0, 'neu': 0.932, 'pos': 0.068, 'compound': 0.4019}
Was macht Frau Karliczek eigentlich beruflich? VertrÃ¶sten, abwarten und ZÃ¤hne zusammenbeiÃŸen sind Synonyme fÃ¼r den systematischen Stillstand an Schulen und Hochschulen. Bettina Stark-Watzinger @starkwatzinger  Â· 14. Apr. 2021 Es ist das 3. Onlinesemester an den #UniversitÃ¤ten. Studenten brechen ihr Studium ab, weil sie sich im Stich gelassen fÃ¼hlen. Viele haben kaum Kontakt zu Professoren und Kommilitonen. Nein, @Karliczek! Ein Verweis auf das Wintersemester ist zu wenig. Wir brauchen LÃ¶sungen. Jetzt. 2 5 135	negative	0.126	{'neg': 0.053, 'neu': 0.874, 'pos': 0.073, 'compound': 0.126}
"Klare Ansage von  @schneidercar : Eine Fraktion, eine Partei, die sich im Wahlprogramm den Austritt Deutschlands aus der EuropÃ¤ischen Union zum Ziel gesetzt hat, sollte nicht von Deutschland zur ""Konferenz zur Zukunft Europas"" entsendet werden! 910 Mal angezeigt 0:03 / 2:16 7 3 26"	negative	0.8016	{'neg': 0.0, 'neu': 0.819, 'pos': 0.181, 'compound': 0.8016}
Die Ã–ffentlichkeit & das Parlament haben ein Recht darauf, zu erfahren, was hier los ist! Politische Beziehungspflege, Auftragsvergaben und immer wieder #CSU. Jens Spahn & das CSU-gefÃ¼hrte Innenministerium stehen in der Verantwortung, umfassend aufzuklÃ¤ren. spiegel.de (S+) Wie CSU-Politiker MaskenhÃ¤ndler zu lukrativen GeschÃ¤ften verhalfen (SPIEGEL+) Bislang unbekannte E-Mails zeigen, wie MaskenhÃ¤ndler auf Kosten von Bund und LÃ¤ndern einen Reibach machten. StrauÃŸ-Tochter Monika Hohlmeier und zwei weitere CSU-Promis verschafften ihnen wertvolle... 26 76 312	negative	0.8439	{'neg': 0.014, 'neu': 0.839, 'pos': 0.147, 'compound': 0.8439}
Der Mietendeckel in Berlin hat zu zwei Dingen gefÃ¼hrt: 1. Ãœber Nacht sind 60% der Mietwohnungen vom Markt verschwunden. 2. Es wurden so wenigen neue Wohnungen gebaut wie seit langem nicht mehr. #Triell 17 90 503	negative	0.4902	{'neg': 0.0, 'neu': 0.917, 'pos': 0.083, 'compound': 0.4902}
Freitag ist #1JahrHanau. Seitdem ist viel zu wenig passiert: BehÃ¶rden haben immer wieder bei der Verfolgung von Spuren weggeschaut, die Ermittlungen von Polizei und Staatsanwaltschaft liefen schleppend und mussten mehrmals von AngehÃ¶rigen neu angestoÃŸen werden. (1/3) #Hanau 1 8 67	negative	0.2263	{'neg': 0.049, 'neu': 0.88, 'pos': 0.071, 'compound': 0.2263}
"""Sachsen-Anhalts Ã„mter fÃ¼rchten Datenflut durch #LucaApp"". Die Luca App ist nicht nur unsicher und hat viele Fehlfunktionen, sie wird auch ihr Versprechen nicht erfÃ¼llen, den GesundheitsÃ¤mtern zu helfen. Ganz im Gegenteil sogar  volksstimme.de Sachsen-Anhalts Ã„mter fÃ¼rchten Datenflut durch Luca-App Die Idee mit der Luca-App klingt erstmal gut: MÃ¶glichst viele laden sich die App aufs Handy, geben Name und Telefonnummer ein. HÃ¤ndler, oder Gastwirte haben die App ebenfalls. Betritt man Laden oder... 13 120 284"	negative	0.8686	{'neg': 0.0, 'neu': 0.866, 'pos': 0.134, 'compound': 0.8686}
Eltern kann krause Debatte Ã¼ber Impfangebote fÃ¼r Kinder+Jugendliche nicht gefallen. Wir haben aus guten GrÃ¼nden keine Impfpflicht. Nicht DIE(?)Wissenschaft entscheidet, sondern Eltern. Nach Faktenlage muÃŸ Politik intensiv fÃ¼r das Impfen werben+niedrigschwellige Angebote machen! 14 2 15	negative	0.6987	{'neg': 0.051, 'neu': 0.756, 'pos': 0.192, 'compound': 0.6987}
Alle starren auf das Chaos zwischen CDU & CSU bei der #Kanzlerkandidatur - Vetternwirtschaft, GeschÃ¤ftemacherei und persÃ¶nliche Bereicherung in der #MaskenaffÃ¤re sind noch lÃ¤ngst nicht aufgeklÃ¤rt. Jetzt VermÃ¶gensarrest bei #Sauter und #Nuesslein sueddeutsche.de Sauters MaskenaffÃ¤re: VermÃ¶gensarrest in MillionenhÃ¶he In der MaskenaffÃ¤re greift die Justiz gegen Ex-Justizminister Sauter durch: Es wurden 1,2 Millionen Euro bei dem CSU-Politiker sichergestellt. 30 181 689	negative	0.2023	{'neg': 0.077, 'neu': 0.833, 'pos': 0.09, 'compound': 0.2023}
Gleichberechtigung sollte in einem Land wie unserem eigentlich selbstverstÃ¤ndlich sein. Davon sind wir aber noch weit entfernt. Die Zeit fÃ¼r freiwillige MaÃŸnahmen ist deshalb endgÃ¼ltig vorbei. Die #Quote kommt, frauenfreie UnternehmensvorstÃ¤nde verschwinden. #FÃ¼PoG #ichwill 74 36 207	negative	0.1779	{'neg': 0.043, 'neu': 0.895, 'pos': 0.061, 'compound': 0.1779}
Die  @faznet  hat sich gewundert, warum so wenig Ã¼ber LÃ¶sungen fÃ¼r die Rente im Wahlkampf gesprochen wird. Und genau das ist das Problem. Also war ich dort zum Interview: Wer unser Modell der Gesetzlichen #Aktienrente hÃ¶ren will, kann dies im Podcast fÃ¼r Deutschland tun!  10 28 172	negative	0.1007	{'neg': 0.042, 'neu': 0.907, 'pos': 0.05, 'compound': 0.1007}
"#staatsfunk: Trump ist irgendwie Schuld, Merkel, Mass, Karrenbauer & ihre SpieÃŸgesellen natÃ¼rlich (!) Ã¼berhaupt nichtâ€¦ und demnÃ¤chst dann bestimmt irgendwie die #AfD! tagesthemen @tagesthemen  Â· 27. Aug. 2021 ""Trump hatte den Taliban fast bedingungslos vertraut. So konnten die ihre MachtÃ¼bernahme monatelang vorbereiten. Doch auf Bidens Konto geht der chaotische Abzug."" Die Meinung von Stefan Niemann. #afghanistan #kabul #taliban @SNiemannARD (red) 1:51 22.635 Mal angezeigt 40 24 146"	negative	0.2729	{'neg': 0.066, 'neu': 0.853, 'pos': 0.081, 'compound': 0.2729}
This  Dieser Wahlkampf auf Twitter ist zT wirklich unertrÃ¤glich. Und nicht nur von Kommentatoren, sondern auch von sonst demokratischen  Truppen der Wannabe-Kanzlerkandidaten, die mit Trump Style Fake News-Tweets Ã¼ber den Gegner die #btw21 fÃ¼r sich entscheiden wollen. Helene von Bismarck @HeleneBismarck  Â· 12. Sep. 2021 German Twitter is unbearable at the moment. Supposedly intelligent and analytical commentators abandoning any pretense of impartiality. Everything their candidate does is marvellous, everything the others do is scandalous. Bonus: once the election is done, coalition talks.  Sigh. 4 7 39	negative	0.6705	{'neg': 0.022, 'neu': 0.905, 'pos': 0.073, 'compound': 0.6705}
Wenn  ein modernes Einwanderungsland sein mÃ¶chte, braucht es schnellere und einladendere EinbÃ¼rgerungen. Angesichts der Ereignisse der letzten Tage muss aber klar sein: Wer antisemitische Hassbotschaften verbreitet, darf nicht eingebÃ¼rgert werden!  @fdpbt presse-augsburg.de FDP will bei Hassaufrufen EinbÃ¼rgerung verwehren 72 75 726	negative	0.8016	{'neg': 0.0, 'neu': 0.823, 'pos': 0.177, 'compound': 0.8016}
"Die #Bundesregierung und der Deutsche #Bundestag haben in den letztenJahren die traditionell guten Beziehungen zu #Brasilien vernachlÃ¤ssigt. Hierzu  @WaldemarHerdt : ""Deutsche AuÃŸenpolitik vernachlÃ¤ssigt Brasilien und Lateinamerika!"" #AfD  @HeikoMaas afdbundestag.de Herdt: Deutsche AuÃŸenpolitik vernachlÃ¤ssigt Brasilien und Lateinamerika Berlin, 14. April 2021. Der AfD-Bundestagsabgeordnete Waldemar Herdt bemÃ¤ngelt, dass die Bundesregierung und der Deutsche Bundestag in den letzten eineinhalb Jahren die traditionell guten Beziehungen... 12 5 40"	negative	0.8777	{'neg': 0.0, 'neu': 0.839, 'pos': 0.161, 'compound': 0.8777}
Neuer Masken-Skandal: Tochter von Ex-CSU-Politiker soll Millionen kassiert haben - via http://WEB.DE web.de Neuer Masken-Skandal: Tochter von Ex-CSU-Politiker soll Millionen kassiert haben Andrea Tandler, Tochter des langjÃ¤hrigen CSU-Politikers Gerold Tandler, hatte beim Maskendeal der Schweizer Firma Emix offenbar ihre Finger im Spiel. 1 19 35	negative	0.7003	{'neg': 0.0, 'neu': 0.876, 'pos': 0.124, 'compound': 0.7003}
Aus einer kleinen Anfrage von  @sven_kindler  geht hervor: Die Regierung tritt beim Ausbau der Bahn komplett auf der Stelle.  2020 wurden sage und schreibe 0 Kilometer neue Schiene in Betrieb genommen.   #ZahlDerWoche 23 81 281	negative	0.5574	{'neg': 0.037, 'neu': 0.829, 'pos': 0.134, 'compound': 0.5574}
Verdammt nochmal, die Mehrheit der MÃ¤nner in Deutschland ist halt auch weiÃŸ ohne Migrationshintergrund, nicht behindert und heterosexuell! n-tv.de Studie bemerkt aber Fortschritt: Deutsches TV zeigt viele weiÃŸe MÃ¤nner Wer in Deutschland den Fernseher einschaltet, sieht im Durchschnitt doppelt so viele MÃ¤nner wie Frauen. Die Uni Rostock hat das TV-Programm untersucht und festgestellt, dass neben den Geschlechtern... 95 217 1.134	negative	0.353	{'neg': 0.03, 'neu': 0.916, 'pos': 0.054, 'compound': 0.353}
Der Klinikkonzern #Sana plant bundesweit Massenentlassungen. Auf die StraÃŸe gesetzt werden  #Systemrelevante, die Tag fÃ¼r Tag den Kollaps unseres Gesundheitswesens mit eigener HÃ¤nde Arbeit abwenden. Einfach nur zynisch! KrankenhÃ¤user mÃ¼ssen keinen Profit, sondern gesund machen. 46 123 495	negative	0.6476	{'neg': 0.079, 'neu': 0.728, 'pos': 0.193, 'compound': 0.6476}
Wir brauchen Investitionen in kommunalen Klimaschutz, Verkehrswende, energetische GebÃ¤udesanierung, schnelles Internet, gute Schulen undâ€¦#Laschet & seine CDU versprechen das Blaue vom Himmel und bleiben eine Antwort schuldig, wie das gehen soll. Es ist, wie #RobertHabeck sagt  BÃœNDNIS 90/DIE GRÃœNEN @Die_Gruenen  Â· 28. Juni 2021 Investitionen in Infrastruktur und in eine zukunftsfÃ¤hige Wirtschaft sind notwendig. So sichern wir klimagerechten Wohlstand. Diese Zukunftsinvestitionen kosten Geld. So viel Ehrlichkeit gehÃ¶rt dazu. Wir haben einen klaren Plan, wie wir diese Investitionen finanzieren wollen: 1/3 Diesen Thread anzeigen 6 34 195	negative	0.9767	{'neg': 0.024, 'neu': 0.688, 'pos': 0.288, 'compound': 0.9767}
Wochenlang hat das  @BMI_Bund  in Sachen #Paegasus die Ã–ffentlichkeit in die Irre gefÃ¼hrt. Erst heute - kurz vor der von uns wegen Peagasus beantragten Sondersitzung des Innenausschusses - kommt die #GroKo mit der Wahrheit um die Ecke. Das #BKA hat dieses totalitÃ¤re Tool gekauft. 15 151 393	negative	0.0772	{'neg': 0.081, 'neu': 0.852, 'pos': 0.067, 'compound': 0.0772}
Teile der  @fdp  sind eben zu allem bereit, um ihre eigenen Interessen durchzusetzen. Da trifft man sich auch mit windigen Beratern & extrem Rechten, nÃ¤mlich der #AfD. Diese #fdp darf man wirklich nicht wÃ¤hlen.   Der Berater & die Liberalen https://zeit.de/politik/deutschland/2021-07/rechtes-phantom-fdp-tom-rohrboeck-berater-netzwerk?wt_zmc=sm.ext.zonaudev.twitter.ref.zeitde.share.link.xâ€¦ via  @zeitonline zeit.de #RechtesPhantom: Der Berater und die Liberalen Der dubiose AfD-Strippenzieher Tom RohrbÃ¶ck hat auch versucht, Einfluss auf die FDP zu nehmen. Die Partei traf sich zu einer Krisensitzung â€“ und will den Fall aufklÃ¤ren. 12 31 117	negative	0.7574	{'neg': 0.0, 'neu': 0.884, 'pos': 0.116, 'compound': 0.7574}
#Bundesnotbremse von Regierung beschlossen. Weitere Aushebelung des FÃ¶deralismus,des Parlamentarismus & unser aller Grundrechte auf den Weg gebracht.Welcher Bundestagsabgeordnete kann da guten Gewissens zustimmen?Trotzdem wird es abgenickt werden.Wir als #AfD sind strikt dagegen! 96 288 1.178	negative	0.5255	{'neg': 0.0, 'neu': 0.907, 'pos': 0.093, 'compound': 0.5255}
Das ist, mit Verlaub, Quatsch. Ct-Werte wurden meist mitgeteilt. Man hÃ¤tte am QuarantÃ¤ne Ende Noch-Positive mit hohen ct Werten frÃ¼her wieder aus QuarantÃ¤ne befreien kÃ¶nnen. Aber fÃ¼r Politik spielen ct Werte keine Rolle. Alpha und Delta Variante haben gar gefÃ¤hrlichere ct Werte Deutschland Deine Meinung @DeineMeinungung  Â· 21. Juni Antwort an @Karl_Lauterbach PCR-Tests keine Grundlage fÃ¼r politische MaÃŸnahmen https://bild.de/politik/inland/politik-inland/neue-corona-studie-pcr-tests-keine-grundlage-fuer-politische-massnahmen-76823868.bild.htmlâ€¦ 670 224 1.274	negative	0.743	{'neg': 0.035, 'neu': 0.81, 'pos': 0.155, 'compound': 0.743}
In UK steigen Infektionszahlen, Krankenhauseinweisungen und TodesfÃ¤lle. Mehrheit der neuen KrankenhausfÃ¤lle sind geimpft. Das Risiko, jetzt weiter zu Ã¶ffnen, wÃ¤re mir viel zu gross. economist.com England faces the sternest test of its vaccination strategy The country has ended covid-19 restrictions in the midst of rapidly rising infections. Will the â€œwallâ€ of inoculations hold? 797 564 3.518	negative	0.5423	{'neg': 0.024, 'neu': 0.894, 'pos': 0.083, 'compound': 0.5423}
#Idar-Oberstein liegt in meinem Wahlkreis. Viele hier bei uns kennen den Ort der Tat, den jungen Mann, seine Familie. Wir denken an Alex, seine Familie und Freunde. Die Tat ist unfassbar 707 265 221	negative	0.5994	{'neg': 0.0, 'neu': 0.894, 'pos': 0.106, 'compound': 0.5994}
"Die Taliban haben bereits angekÃ¼ndigt, dass spÃ¤testens nach dem 31. August kein Rauskommen aus #Afghanistan mehr mÃ¶glich ist. Was passiert jetzt mit den mehreren 10k OrtskrÃ¤ften mitsamt ihren Familien, die noch festsitzen & der BReg vertruat haben? stern.de ""Die rennen rum voller RachegelÃ¼ste"" â€“ GrÃ¼nen-Politiker entlarvt PR-Strategie der Taliban Gibt es Ã¼berhaupt noch eine MÃ¶glichkeit, ausgeflogen zu werden? Ein GrÃ¼nen-Politiker hat nur wenig Hoffnung. Eine Sozialarbeiterin berichtete bei ""Markus Lanz"" von der Lage vor Ort.   3 13 56"	negative	0.6199	{'neg': 0.0, 'neu': 0.949, 'pos': 0.051, 'compound': 0.6199}
Mit der Politik des Aussitzens von CDU/CSU & SPD muss nach dem Urteil des BVerfG zum Klimaschutzgesetz endlich Schluss sein. Es ist so billig und durchschaubar, was CDU/CSU & SPD gerade machen. Es ist unsere Verantwortung zu handeln, und zwar jetzt! spiegel.de COâ‚‚-Preis auf Sprit: Die Klimaheuchler sind zurÃ¼ck Gegen die KlimaschutzplÃ¤ne der GrÃ¼nen fordern andere Parteien jetzt eine Â»BenzinpreisbremseÂ«. Dabei wollen auch sie den Preis fÃ¼r Schadstoffe erhÃ¶hen. Aber im Wahlkampf kann man das schon mal... 10 30 228	negative	0.1156	{'neg': 0.022, 'neu': 0.951, 'pos': 0.027, 'compound': 0.1156}
Wir brauchen jetzt keine SPD-#Neidsteuer, sondern Wirtschaftswachstum und Innovationen. Das geht mit FÃ¶rderung von Zukunftstechnologie und Entlastung von Arbeitnehmern und Unternehmen. Friedrich Merz @_FriedrichMerz  Â· 14. Jan. 2021 â€žEinerseits hat der Finanzminister genug Geld fÃ¼r alle Projekte, andererseits will er eine neue #Neidsteuer auf hÃ¶here Einkommen. Das passt nicht zusammen. Nach #Corona mÃ¼ssen wir Kassensturz machen, aber die Steuer- und Abgabenbelastung ist bereits sehr hoch.â€œ (tm) #Lanz #Merz 7 12 93	negative	0.7845	{'neg': 0.0, 'neu': 0.895, 'pos': 0.105, 'compound': 0.7845}
Wenn #DeutscheWohnen zur Ãœbernahme bereit ist, sollte dieser Immobilienkonzern wieder von der Ã¶ffentlichen Hand Ã¼bernommen werden. Dieses GeschÃ¤ftsmodell braucht - jenseits der AktionÃ¤re und #Hedgefonds - kein Mensch. #Wohnen muss bezahlbar sein! #Vonovia 18 36 276	negative	0.6476	{'neg': 0.0, 'neu': 0.858, 'pos': 0.142, 'compound': 0.6476}
Das muss sich Ã¤ndern! #Impfstau Olaf Gersemann @OlafGersemann  Â· 2. MÃ¤rz 2021 Neuer Ãœberblick: die Zahl der ausgelieferten, aber noch nicht verimpften #Corona-Impfdosen in  im Zeitverlauf.  Wird die avisierte Biontech-Charge (1,01 Mio. Dosen) tatsÃ¤chlich heute ausgeliefert, erreicht der RÃ¼ckstau einen Rekord.  Quellen: BMG, RKI, eig. Berechnungen  @welt 1 5 9	negative	0.7088	{'neg': 0.0, 'neu': 0.884, 'pos': 0.116, 'compound': 0.7088}
Das Problem ist weiterhin die noch zu geringe Impfquote. Bayern liegt auf den hinteren PlÃ¤tzen - die Impfquote muss dringend gesteigert werden! Peter Schaar @Peter_Schaar  Â· 23. Okt. 2021 Niemand sollte behaupten, die 4. #Corona-Welle kÃ¤me unerwartet - lesenswertes Papier des @rki_de vom 22. September (!): #ControlCOVID-Strategie zur Vorbereitung auf den Herbst/Winter 2021/22 #Inzidenz #Neuinfektionen   https://rki.de/DE/Content/InfAZ/N/Neuartiges_Coronavirus/Downloads/Vorbereitung-Herbst-Winter-Aktualisierung.pdf?__blob=publicationFileâ€¦ Diesen Thread anzeigen 85 11 87	negative	0.1739	{'neg': 0.063, 'neu': 0.863, 'pos': 0.074, 'compound': 0.1739}
CDU&CSU wollen Ã¼ber EhrenerklÃ¤rungen oder freiwillige Selbstverpflichtungen der Bundestagsfraktion desastrÃ¶sen Folgen der MaskenaffÃ¤re fÃ¼r WahlkÃ¤mpfe in Baden-WÃ¼rttemberg, Rheinland-Pfalz+Hessen entrinnen.Das rettet den Hof nicht mehr. AufklÃ¤rung+verschÃ¤rfte Gesetze erforderlich! 13 1 6	negative	0.7263	{'neg': 0.0, 'neu': 0.81, 'pos': 0.19, 'compound': 0.7263}
lol, der #Merz... jeder blamiert sich so gut er kann, aber den Merz toppt einfach niemand auf diesem Gebiet!  Bericht aus Berlin @ARD_BaB  Â· 5. Sep. 2021 Kennen Sie eigentlich alle Namen aus dem Zukunftsteam, Herr Merz? #BerichtausBerlin Diesen Thread anzeigen 1:13 1 Mio. Mal angezeigt 9 21 163	negative	0.9258	{'neg': 0.0, 'neu': 0.761, 'pos': 0.239, 'compound': 0.9258}
#Corona entwickelt sich langsam zur neuen Geisel unserer Zeit. Im Sommer hielten viele Experten das #Virus fÃ¼r â€šausmutiertâ€˜ - durch #Omikron sieht man, dass das nicht so ist - gerade diese Unvorhersehbarkeit macht auch den Umgang fÃ¼r alle so schwierig! 8 6	negative	0.4359	{'neg': 0.114, 'neu': 0.71, 'pos': 0.176, 'compound': 0.4359}
Die Inzidenz sinkt, doch Millionen SchÃ¼ler lernen weiter von zu Hause. Die Lerndefizite und Folgen fÃ¼r die psychische Gesundheit und das soziale Leben sind dramatisch. Schulen mÃ¼ssen wieder Ã¶ffnen. Mit Luftfiltern, Testkonzepten und Impfungen der LehrkrÃ¤fte ist das verantwortbar. 87 53 439	negative	0.4019	{'neg': 0.096, 'neu': 0.774, 'pos': 0.13, 'compound': 0.4019}
Seit wann stehen Verbote fÃ¼r Freiheit, Frau  @ABaerbock ? #Triell 54 171 1.116	negative	0.3182	{'neg': 0.162, 'neu': 0.599, 'pos': 0.24, 'compound': 0.3182}
WofÃ¼r braucht die Partei der Besserverdienenden einen Sozialstaat?  Baerbocks Migrationspolitik gefÃ¤hrdet unseren Sozialstaat via  @welt welt.de Annalena Baerbock: Wie ihre Migrationspolitik den Sozialstaat gefÃ¤hrdet - WELT Nach dem Willen der GrÃ¼nen soll es fÃ¼r â€žgering- und unqualifizierteâ€œ Einwanderer leichter werden, nach Deutschland zu kommen. In Kombination mit hÃ¶heren Hartz-IV-SÃ¤tzen und aufgestocktem Kindergeld... 9 49 108	negative	0.6249	{'neg': 0.0, 'neu': 0.909, 'pos': 0.091, 'compound': 0.6249}
â€žDie Wolke Ã¼ber Deutschlandâ€œ in Pro7 !!! #Tschernobyl. Wahrheiten, die frÃ¼her die Mehrheit negiert hat #CDU #CSU . #trisomie21 #Molke sollte exportiert werden  , Was #Atomernergie kostet: #Gesundheit 6 9 81	negative	0.6341	{'neg': 0.0, 'neu': 0.862, 'pos': 0.138, 'compound': 0.6341}
"Ich mÃ¶chte von Leuten wie Frau DÃ¶rner, die anderen das Gendern aufzwingen, nie wieder hÃ¶ren, dass es sich bei diesem Unsinn um eine â€žnatÃ¼rliche Fortentwicklung der Spracheâ€œ handelt. WDR Aktuelle Stunde @aktuelle_stunde  Â· 7. Juli 2021 Die Stadt Bonn hat einen Leitfaden herausgegeben, der den knapp 7000 Mitarbeiterinnen und Mitarbeitern ""geschlechtergerechte Sprache"" verbindlich vorschreibt. Der VorstoÃŸ sorgt in der Stadt fÃ¼r Diskussionen - OB @KatjaDoerner empfindet diese aber als wichtig. 14 50 260"	negative	0.1779	{'neg': 0.049, 'neu': 0.894, 'pos': 0.058, 'compound': 0.1779}
"Mit dieser Aussage wird  Wolfgang #SchÃ¤uble seiner Verantwortung als BundestagsprÃ¤sident in keiner Weise gerecht. Wir setzen alles daran, den Einzug von #MaaÃŸen in den Bundestag zu verhindern. Ruben Moratz @RubenMoratz  Â· 10. Sep. 2021 Bemerkenswert, was SchÃ¤uble heute Ã¼ber Maassen sagt. ""Unbestreitbar Demokrat, das ist die ganze Bandbreite des politischen Spektrums"" @SWRAktuellBW Diesen Thread anzeigen 63 116 864"	negative	0.886	{'neg': 0.0, 'neu': 0.81, 'pos': 0.19, 'compound': 0.886}
Die Herablassung, mit der Freiheit wÃ¤hrend der Pandemie als Schimpfwort benutzt wird, tut der Gesellschaft nicht gut. Aber die EindimensionalitÃ¤t, mit der sie radikale Impfgegner und Querdenker fÃ¼r sich reklamieren, auch nicht. Mein Gastbeitrag  @faznet faz.net Corona-MaÃŸnahmen: Freiheit ist kein Schimpfwort Es ist nicht unmoralisch, sich auf Freiheit zu berufen. Doch Freiheit ist eine Gemeinwohl-Kategorie â€“ auch wÃ¤hrend einer Pandemie, wo sie oft gefehlt hat. Wer sie nun schÃ¼tzen mÃ¶chte, wird sich einer... 96 54 389	negative	0.9268	{'neg': 0.071, 'neu': 0.734, 'pos': 0.195, 'compound': 0.9268}
Sind â€ždurchwachseneâ€œ Sommer ein (weiterer) Beweis fÃ¼r menschengemachte #Klimahysterie? LVZ @LVZ  Â· 26. Aug. 2021 Der Sommer 2021 ist bislang durchwachsen, die Aussichten sind ebenfalls trÃ¼b. Die FreibÃ¤der in #Leipzig Ã¼berlegen deshalb, ihre Saison frÃ¼her zu beenden als geplant. Doch es gibt noch Hoffnung. https://lvz.de/Leipzig/Lokales/Freibaeder-in-Leipzig-und-Dresden-Schliessen-sie-frueher?utm_medium=Social&utm_source=Twitter#Echobox=1629985225-1â€¦ 25 4 55	negative	0.5362	{'neg': 0.032, 'neu': 0.888, 'pos': 0.08, 'compound': 0.5362}
Es kann nicht sein, dass GÃ¼ter 5x um den Globus schippern & nach kurzer Zeit kaputtgehen. Mehr Regional-, weniger Wegwerfproduktion! Politik muss Verursachern dieses Wirtschaftens, das unseren Planeten zerstÃ¶rt, Einhalt gebieten & klimafreundliche Innovationen zum Jobmotor machen WELT @welt  Â· 9. Aug. 2021 IPCC-Bericht: â€žWir fordern die Neuverhandlung der Wahlprogrammeâ€œ http://to.welt.de/KEscItI 24 37 251	negative	0.4199	{'neg': 0.029, 'neu': 0.909, 'pos': 0.062, 'compound': 0.4199}
Wer so tut, als sei ihm der Klimaschutz besonders wichtig, sollte erklÃ¤ren, warum mit seiner Zustimmung immer wieder Entscheidungen gegen den Klimaschutz getroffen wurden, Olaf #Scholz  #Kohleausstieg 2038 Inbetriebnahme #Datteln4 Oliver Krischer @Oliver_Krischer  Â· 29. Aug. 2021 #Scholz verspricht #Kimaschutz, hat aber mit #Scheuer #Altmaier #KlÃ¶ckner #CDUCSU bisher das exakte Gegenteil gemacht und findet es gut so:  1.) #Kohleausstieg erst 2038 2.) #Datteln4 in Betrieb nehmen & in #Garzweiler Menschen fÃ¼r #Kohle enteignen  3.) #CO2Preis ablehnen  (1/5) Diesen Thread anzeigen 4 19 100	negative	0.836	{'neg': 0.026, 'neu': 0.849, 'pos': 0.125, 'compound': 0.836}
Eine traurige Nachricht: Alfred Biolek ist im Alter von 87 Jahren verstorben. Er war ein kluger und nachdenklicher Mensch, der Fernsehgeschichte geschrieben hat. Meine Gedanken sind bei seinen AngehÃ¶rigen und Freunden. 11 18 225	negative	0.6249	{'neg': 0.077, 'neu': 0.723, 'pos': 0.2, 'compound': 0.6249}
Da ist sie wieder: Die gute alte SchwarzGelbe Zeit Was ist denn nur aus den Grillfreunden und den â€œSchulterklopfern vom Rheinâ€ (SPON)  @ArminLaschet  und  @c_lindner  geworden? Paul Ziemiak @PaulZiemiak  Â· 20. Aug. 2021 Wer @fdp wÃ¤hlt, muss in Kauf nehmen, dass er am Ende mit Esken und KÃ¼hnert am Kabinettstisch aufwacht. Wer sicher sein will, dass aus dem Kanzleramt eine Politik mit MaÃŸ und Mitte gestaltet wird, muss mit beiden Stimmen die Union wÃ¤hlen. #btw21  https://spiegel.de/politik/deutschland/bundestagswahlkampf-cdu-attackiert-fdp-a-21f8310e-75ab-4166-9fe4-92739673a5ffâ€¦ 6 2 57	negative	0.4588	{'neg': 0.05, 'neu': 0.863, 'pos': 0.086, 'compound': 0.4588}
Ãœberraschung!!! Hat #FrankWalterFischfilet in der KÃ¼rze der Zeit das Gesetz Ã¼berhaupt gelesen, geschweige denn verstanden? Ich sagâ€™ mal: Nein, nicht ansatzweise. Er ist ein Totalausfall im #Bellevue... WDR aktuell @WDRaktuell  Â· 22. Apr. 2021 Update: BundesprÃ¤sident Frank-Walter Steinmeier hat soeben das neue #Infektionsschutzgesetz mit der #Bundesnotbremse unterzeichnet. Es muss jetzt nur noch im Bundesgesetzblatt verÃ¶ffentlicht werden, dann tritt es in Kraft. Diesen Thread anzeigen 37 20 98	negative	0.8472	{'neg': 0.0, 'neu': 0.861, 'pos': 0.139, 'compound': 0.8472}
In seiner Rede im Plenum des Bundestags sagt  @ArminLaschet  man mÃ¼sse CDU wÃ¤hlen, damit alles so bleibe wie es immer war. Das ist aber, ohne Polemik, unmÃ¶glich. Der Klimawandel lÃ¤sst das einfach nicht zu. Wir verfehlen so zu 100% die Klimaziele. 439 735 8.677	negative	0.466	{'neg': 0.0, 'neu': 0.912, 'pos': 0.088, 'compound': 0.466}
Letzter Versuch, @ArminLaschet das Problem hier zu erklÃ¤ren. ZunÃ¤chst hÃ¤tte der Mann nie die BÃ¼hne erspringen dÃ¼rfen. Wo war LKA? Und wenn er mit dem Mann reden will, muss er auf Abstand oder Maske bestehen. Laschet war in Tropfeninfektionsdistanz, als er angeschrieen wurde.1.6958277.970 	negative	0.0772	{'neg': 0.046, 'neu': 0.901, 'pos': 0.053, 'compound': 0.0772}
Totschlagargument â€žKlimawandelâ€œ soll von Verantwortung fÃ¼r politische UntÃ¤tigkeit ablenken. Gottfried #Curio erklÃ¤rt zur Ã„uÃŸerung von Bundesinnenminister #Seehofer, die #Hochwasserkatastrophe im Westen Deutschlands stehe in Verbindung mit dem #Klimawandel.https://afdbundestag.de/curio-totschlagargument-klimawandel-soll-von-verantwortung-fuer-politische-untaetigkeit-ablenken/â€¦75183519 	negative	0.0516	{'neg': 0.057, 'neu': 0.878, 'pos': 0.064, 'compound': 0.0516}
"Der Regierungsauftrag wird bei dem liegen, der es schafft, eine Mehrheit im Deutschen Bundestag zu finden...phoenix@phoenix_de · 27. Sep. 2021Es sei erstaunlich, dass Armin #Laschet bei diesem ""historisch schlechten Wahlergebnis"" einen Anspruch auf das #Kanzleramt erhebe, so @larsklingbeil @spdde. Die Union habe einen inhaltsleeren #Wahlkampf geführt, nur mit Schmutz geworfen. Der Regierungsauftrag liege bei der #SPD.0:5024.108 Mal angezeigt8034509"	negative	0.0516	{'neg': 0.087, 'neu': 0.792, 'pos': 0.121, 'compound': 0.0516}
Als #noAfd flÃ¼chtende Kinder erschieÃŸen lassen wollte, hat @fdp das kritisiert. Wenn Vorstandsmitglied von #JuSos #Berlin junge #Liberale erschieÃŸen lassen will, kritisieren Sie (MandatstrÃ¤ger @dieLinke) das nicht, sondern twitn #SolidaritaetMitBengt - sie sind exakt wie #AfD Michael Neuhaus@MichaNeuhaus Â· 7. Feb. 2021LÃ¤cherlich, wie Liberale einen Skandal von bundesweiter Relevanz um einen Berliner Juso konstruieren, den gestern niemand von ihnen kannte.Da kriegt man das Gefuhl, dass es eher um Aufmerksamkeit fÃ¼r Liberale als wirklich um den Fall geht.#SolidaritaetMitBengt115133808 	negative	0.4019	{'neg': 0.071, 'neu': 0.814, 'pos': 0.115, 'compound': 0.4019}
Heisseste Juninacht in den US jemals. Im Death Valley tagsÃ¼ber 53,2 Grad! Sehr bald brennt wieder Kalifornien. Wohin soll das fÃ¼hren in 30 Jahren? Egal was wir jetzt tun, Temperatur steigt noch fÃ¼r viele Jahrzehnte. Energiewende ist mit Abstand wichtigstes Problem unserer ZeitScott Duncan@ScottDuncanWX Â· 19. JuniDeath Valley reached a scorching +53.2Â°C (127.7Â°F). Unprecedented heat for this part of June.This is only 1.2Â°C shy of the reliable all-time global heat record of 54.4Â°C (129.9Â°F), same place 16 August 2020. We also observed the hottest June night in North American history.Diesen Thread anzeigen4891.3018.188 	negative	0.0807	{'neg': 0.048, 'neu': 0.9, 'pos': 0.052, 'compound': 0.0807}
Wochenlang hatten Laumann und die KassenÃ¤rztliche Vereinigung in #NRW Zeit, die #Impfterminvergabe fÃ¼r alte Menschen vorzubereiten. Jede*R konnte wissen, was an Nachfrage kommt. Eine lapidare Entschuldigung der KV und â€žversuchen sie es wiederâ€œ reicht nichtspiegel.deCorona-Impfung in NRW: So holprig lÃ¤uft der ImpfstartSeit Montag sollen Ã¼ber 80-JÃ¤hrige in NRW einen Impftermin vereinbaren kÃ¶nnen. Doch Server und Telefonleitungen waren dem Ansturm hÃ¤ufig nicht gewachsen. Die Opposition spricht bereits von einem...7433 	negative	0.6199	{'neg': 0.051, 'neu': 0.83, 'pos': 0.119, 'compound': 0.6199}
Was haben sich CDU, CSU und SPD fÃ¼r ihre grottenschlechte #Wahlrechtsreform gefeiert. FÃ¼r ein Gesetz, das sein Ziel ganz offensichtlich verfehlt.Dabei gab es einen Vorschlag von GrÃ¼nen, FDP und Linke, der die Verkleinerung des Bundestags erreicht hÃ¤tte.t-online.deMassive Kosten: NÃ¤chster Bundestag mit 1000 Abgeordneten?Schon jetzt ist die Kritik an der GrÃ¶ÃŸe des Bundestags mit seinen 709 Abgeordneten groÃŸ. Doch nach dem Herbst kÃ¶nnten noch Hunderte Abgeordnete mehr einziehen, warnt ein Experte. 1036184 	negative	0.7003	{'neg': 0.082, 'neu': 0.766, 'pos': 0.152, 'compound': 0.7003}
"Organisierte Wissenschaftsfeindlichkeit, die Hochschulpolitik von @CDU und @spdde in #Niedersachsen. Statt zu investieren regiert an den Unis die Abrissbirne""hna.deHiobsbotschaften aus Hochschulen nehmen zuAn der Uni Hannover stehen 22 Professuren und das Institut fÃ¼r Meteorologie auf der Kippe; in GÃ¶ttingen ist das Aus fÃ¼r das international renommierte Lichtenberg-Kolleg nicht mehr abzuwenden; in...2721 """	negative	0.5719	{'neg': 0.029, 'neu': 0.874, 'pos': 0.097, 'compound': 0.5719}
Mindestens 30 Mrd. Euro muss die Mittelschicht aufbringen, wenn #Laschet Kanzler wird. Mein Gastbeitrag mit Dietmar Bartsch Ã¼ber die SteuerplÃ¤ne der #Union und warum wir in der Umweltpolitik Alternativen schaffen statt Alternativloses teurer machen mÃ¼ssen.t-online.deSteuerreform: Werden die normalen BÃ¼rger Ã¼berproportional belastet?Die normalen deutschen BÃ¼rger werden zu stark belastet. Das muss sich Ã¤ndern. Ein Gastbeitrag der Linken-Politiker Dietmar Bartsch und Sahra Wagenknecht.37155805 	negative	0.296	{'neg': 0.071, 'neu': 0.826, 'pos': 0.103, 'compound': 0.296}
Man kann die #Corona-Politik der #GroKo absurd finden, ohne ein Aluhut zu sein! Gerade die wachsende #Intoleranz & #CancelCulture spielt der AfD in die HÃ¤nde. Mein Video der Woche Ã¼ber #allesdichtmachen und die Frage, was man heute noch sagen darf:youtube.comWas man heute noch sagen darf? Shitstorms, Cancel Culture und...â€œDer freie Austausch von Informationen und Ideen, der Lebensnerv einer liberalen Gesellschaft, wird von Tag zu Tag mehr eingeengt. WÃ¤hrend wir dies von der r...1944332.409	negative	0.636	{'neg': 0.023, 'neu': 0.886, 'pos': 0.091, 'compound': 0.636}
Zu frÃ¼h gefreut:AfD Jubel Ã¼ber Gerichtsentscheid im Eilverfahren unbegrÃ¼ndet. Nicht Einstufung als gesamtdeutscher PrÃ¼ffall wird vom Gericht moniert, sondern nur, dass das Ã¶ffentlich gemacht wurde.Letzteres unterstreicht ja sogar die GefÃ¤hrlichkeit dieser rechtsradikalen Bande!283115453	negative	0.6114	{'neg': 0.0, 'neu': 0.889, 'pos': 0.111, 'compound': 0.6114}
Die vierte groÃŸe Zukunftsmission ist die Mission Gesundheit. Wie wichtig sie ist, ist uns allen in den letzten 1,5 Jahren noch einmal schmerzlich bewusst geworden. Wir hoffen alle, dass wir eine Pandemie wie Corona nie wieder erleben. #spdbpt214230 	negative	0.7003	{'neg': 0.066, 'neu': 0.742, 'pos': 0.192, 'compound': 0.7003}
"Rente mit 70? Gegenvorschlag: Wenn deutsche Unternehmen jedes Jahr 40 Milliarden Dividenden an Aktionärinnen und Aktionäre ausschütten können, können sie auch mehr in die Rentenkasse einzahlen. Und für gute Arbeit sorgen, z.B. Befristungen abschaffen und armutsfeste Löhne zahlen.linksfraktion@Linksfraktion · 18. Aug. 2021""Rente mit 70? Damit nervt der Arbeitgeberverband BDA schon wieder"", sagt @jankortemdb. ""Wissen die eigentlich,wie hart Menschen arbeiten-oft für ein Gehalt, das nicht einmal für eine gute Rente reicht? So eine Rentenkürzung durch die Hintertür ist mit der LINKEN nicht zu machen.629122"	negative	0.7303	{'neg': 0.082, 'neu': 0.791, 'pos': 0.127, 'compound': 0.7303}
Der Moderna Impfstoff soll kopiert werden. Moderna hilft nicht, den Produktionsweg zu finden. Es ist eine Niederlage der Menschenrechte, dass hier WHO und Ã¤rmere LÃ¤nder um Impfstoffe kÃ¤mpfen mÃ¼ssen, mit denen schon Milliarden verdient wurden, und in Zwischenzeit tausende sterbenEric Feigl-Ding@DrEricDing Â· 21. Okt.CRACKING FORMULA OF MODERNAâ€”The @WHO has hired an African company as part of a $100 million plan to figure out how to make an mRNA #COVID19 vaccine that is as close as possible to the version by Modernaâ€”because @moderna_tx refuses to help!! Awesomeâ€” https://npr.org/sections/goatsandsoda/2021/10/19/1047411856/the-great-vaccine-bake-off-has-begunâ€¦Diesen Thread anzeigen3163092.465 	negative	0.4374	{'neg': 0.033, 'neu': 0.903, 'pos': 0.064, 'compound': 0.4374}
Danke @frauenunion!Frauen Union@frauenunion Â· 18. Feb. 2021Frauenverachtendes Verhalten & #HateSpeech #ErkennenBenennenBekÃ¤mpfen durch- mehr Transparenz Ã¼ber frauenfeindliche Motive in der Kriminalstatistik- die Identifizierung der TÃ¤ter durch Bestandsdatenauskunft- die Ermittlung schwerwiegender Straftaten von Amts wegenDiesen Thread anzeigen2325 	negative	0.126	{'neg': 0.071, 'neu': 0.845, 'pos': 0.084, 'compound': 0.126}
Top ProblemlÃ¶sekompetenz. Nicht. Till Westermayer@_tillwe_ Â· 29. Aug. 2021Laschet hat schon wieder erkannt, was alles nicht geht ... argh. #triell2246 	negative	0.5574	{'neg': 0.0, 'neu': 0.841, 'pos': 0.159, 'compound': 0.5574}
Die Situation in Afghanistan ist nicht nur menschlich dramatisch. Sie wirkt sich auch auf die StabilitÃ¤t in der Region sowie auf neue Migrationsbewegungen aus. @Lambsdorff und die @fdpbt machen einige wichtige VorschlÃ¤ge, was jetzt zu tun ist Alexander Lambsdorff@Lambsdorff Â· 12. Aug. 2021#Afghanistan droht humanitÃ¤re Katastrophe. Es braucht jetzt #EU-Sondergipfel und -Fahrplan: 1. Hilfe fÃ¼r #FlÃ¼chtlinge und GastlÃ¤nder der Region 2. Ausreise aller #OrtskrÃ¤fte 3. GesprÃ¤che mit 4. Stopp von Zahlungen in #Taliban -Gebiete https://spiegel.de/politik/fdp-und-afghanistan-alexander-graf-lambsdorff-fordert-eu-sondergipfel-a-1c30e4f6-2df8-43aa-aa95-3154c3bb27abâ€¦ @fdp @fdpbt3760 	negative	0.3863	{'neg': 0.098, 'neu': 0.775, 'pos': 0.127, 'compound': 0.3863}
"Falsch.Alternative sind weder rauchende Schlote noch radioaktiv strahlender Müll, der Hunderttausende Jahre bewacht werden muss!Einzig verantwortbare Politik ist konsequenter Ausbau erneuerbarer Energien, Energiesparen,Energieeffizienz, Verkehrswende,Agrarwende,Bauwende!#AmpelUnionWatch@watch_union · 27. Dez. 2021Der #CDU-Vorsitzende #Merz plädiert für Atomstrom. ""Atomstrom erzeugt kein CO2, und allein deshalb ist Frankreich in der CO2-Vermeidung so viel weiter als wir""Noch einmal zum Mitschreiben: - Gestehungskosten viel teurer- Nicht flexibel /TNhttps://n-tv.de/politik/Merz-flirtet-mit-Atomstrom-article23022353.html…Diesen Thread anzeigen77549"	negative	0.5389	{'neg': 0.097, 'neu': 0.756, 'pos': 0.147, 'compound': 0.5389}
Liberale Demokratien mÃ¼ssen sich besser verteidigen â€“ gegen digitale Radikalisierungsmechanismen, internationale VerschwÃ¶rungsideologien, extremistische Tag-X-Szenarien und die Ikonisierung der von den Teilnehmern radikaler Events selbst aufgenommenen Bilder.1816212 	negative	0.5106	{'neg': 0.069, 'neu': 0.721, 'pos': 0.21, 'compound': 0.5106}
Die Akzeptanz fÃ¼r #WindrÃ¤der wÃ¼rde Ã¼brigens deutlich steigen, wenn die Gewinne der WindrÃ¤der in BÃ¼rgerhand oder zumindest bei den Kommunen landen wÃ¼rden. So bereichern sich #GroÃŸgrundbesitzer und #Energiekonzerne und die Menschen vor Ort haben sehr wenig davon.4069334 	negative	0.8849	{'neg': 0.0, 'neu': 0.744, 'pos': 0.256, 'compound': 0.8849}
Wann ein #Impeachment-Verfahren, wenn nicht jetzt? Der gewÃ¤hlte, noch amtierende PrÃ¤sident hat das Volk gg. das Parlament, das Herz der Demokratie, aufgewiegelt. Das Parlament ist es sich & der Demokratie schuldig, darÃ¼ber ein Verdikt zu sprechen. Man muss es mindestens versuchenDeutschlandfunk@DLF Â· 11. Jan. 2021â€žDer gewÃ¤hlte, noch amtierende PrÃ¤sident stachelt das Volk so an, dass es das Parlament stÃ¼rmtâ€œ - @n_roettgen spricht sich nach dem Sturm aufs #usacapitol fÃ¼r das #impeachment aus. Die Demokraten in den #USA wollen heute ein neues Amtsenthebungsverfahren gegen #Trump einleiten.Diesen Thread anzeigen1625304 	negative	0.3818	{'neg': 0.028, 'neu': 0.915, 'pos': 0.057, 'compound': 0.3818}
Habeck, der nicht mal weiÃŸ, was eine Kilometerpauschale ist und wofÃ¼r die BaFin zustÃ¤ndig ist, wird als Finanzminister gehandelt. Dieses Irrenhaus geht schneller in den Abgrund als gedacht. #Ampelwelt.deBayaz fÃ¼r Habeck als Finanzminister in Ampel-Koalition - WELT1415602.204 	negative	0.0772	{'neg': 0.061, 'neu': 0.87, 'pos': 0.069, 'compound': 0.0772}
Wenn alles so richtig den Bach heruntergeht, dann werden wir sehen, wie hoch die Akzeptanz fÃ¼r eine weiter steigende CO2 Steuer ist. Das bÃ¶se Erwachen kommt bald.welt.deHÃ¶chste Inflationsrate seit 28 Jahren â€“ Ã¼ber vier Prozent in Deutschland - WELTExperten hatten eine hohe Teuerungsrate vorhergesehen, nun liegt die Inflation erstmals seit 1993 bei Ã¼ber vier Prozent â€“ und sie kÃ¶nnte weiter wachsen. Schuld daran sind vor allem hÃ¶here Energieko...49232855 	negative	0.7324	{'neg': 0.09, 'neu': 0.729, 'pos': 0.181, 'compound': 0.7324}
Alle demokrat. Fraktionen waren sich einig: Wir mÃ¼ssen engagiert gegen #Rechtsextremismus und #Antisemitismus vorgehen â€“ und zwar schnell!15 Monate nach dem Anschlag von #Halle liegt noch immer kein Gesetz der GroKo vor.Wir mÃ¼ssen jetzt engagiert handeln!â€“ @KonstantinNotz208109 	negative	0.7339	{'neg': 0.0, 'neu': 0.85, 'pos': 0.15, 'compound': 0.7339}
Die #allesdichtmachen-Schauspieler erleben jetzt einmal ansatzweise, was tagtÃ¤glich auf #AfD-Politiker und deren Sympathisanten hereinprasselt - nur weil wir Regierungs- und Medienkritik Ã¼ben!m.bild.de#allesdichtmachen: ARD-Rundfunkrat will Schauspielern sogar die Jobs wegnehmenMit Ironie, Witz und Sarkasmus hinterfragen sie die Corona-Politik der Bundesregierung und kritisieren vor allem das hiesige Diskuss...55136403 	negative	0.126	{'neg': 0.028, 'neu': 0.933, 'pos': 0.039, 'compound': 0.126}
#Afghanistan droht humanitÃ¤re Katastrophe. Es braucht jetzt #EU-Sondergipfel und -Fahrplan: 1. Hilfe fÃ¼r #FlÃ¼chtlinge und GastlÃ¤nder der Region 2. Ausreise aller #OrtskrÃ¤fte 3. GesprÃ¤che mit 4. Stopp von Zahlungen in #Taliban -Gebiete https://spiegel.de/politik/fdp-und-afghanistan-alexander-graf-lambsdorff-fordert-eu-sondergipfel-a-1c30e4f6-2df8-43aa-aa95-3154c3bb27abâ€¦ @fdp @fdpbtspiegel.deVormarsch der Taliban: FDP fordert EU-Sondergipfel zu AfghanistanNach dem Abzug der internationalen Truppen erobern die Taliban immer mehr Gebiete in Afghanistan. Die FDP will europÃ¤ische Hilfen fÃ¼r FlÃ¼chtlinge â€“ und Visa fÃ¼r besonders gefÃ¤hrdete Frauen und...5750306 	negative	0.0516	{'neg': 0.083, 'neu': 0.831, 'pos': 0.086, 'compound': 0.0516}
Auf unseren Strukturen liegt der Staub von 200 Jahren. Es ist Zeit, etwas zu tun!, so @rbrinkhaus in seiner Einführung in das digitale #Fachgespräch zum Thema Moderne #Verwaltung. In der Krise sei wie unter einem Brennglas sichtbar geworden, was funktioniert und was nicht.36940	negative	0.4753	{'neg': 0.068, 'neu': 0.782, 'pos': 0.15, 'compound': 0.4753}
Ein Karriereberater meint es gut mit mir. Sed frustra...Matthias Renger@matthias_renger Â· 20. Feb. 2021 Ich bin echt verwirrt von Herrn #Lauterbach #Flick3101774.806 	negative	0.25	{'neg': 0.083, 'neu': 0.794, 'pos': 0.123, 'compound': 0.25}
52% fÃ¼r ein NEIN gegen den #Staatstrojaner ist nichts, worauf die GrÃ¼nen stolz sein kÃ¶nnen u nichts, worÃ¼ber die Zivilgesellschaft erleichtert aufatmen kann. Wie stabil sind wohl 52% bei Koalitionsverhandlungen von SchwarzGrÃ¼n? Gerade so dagegen zu sein, ist zu wenig. #dBDK21Andre Meister@andre_meister Â· 12. Juni 2021.@Die_Gruenen haben #Staatstrojaner aus ihrem Wahlprogramm wieder gestrichen. Der Parteitag #dBDK21 hat soeben den Antrag von @MarieSchaeff angenommen und sich damit gegen Bundesvorstand und @KonstantinNotz gestellt. Mal sehen, ob diese Position in Koalitionsverhandlungen hÃ¤lt.851204 	negative	0.8074	{'neg': 0.0, 'neu': 0.9, 'pos': 0.1, 'compound': 0.8074}
Die Redaktion des Online-Duden ist ganz offensichtlich von der Lebens- und SprachrealitÃ¤t der Menschen meilenweit entfernt. Oder glauben die dort ernsthaft, dass irgendjemand das Wort Â»BÃ¶sewichtinÂ« verwendet? 5494445 	negative	0.4767	{'neg': 0.048, 'neu': 0.804, 'pos': 0.148, 'compound': 0.4767}
Hoffentlich bestÃ¤tigt sich nicht, was diese Grafik zeigt. Wenn ja mÃ¼ssen sofort ReisebeschrÃ¤nkungen erfolgen. Wir mÃ¼ssen Zeit gewinnen. Nichts ist schlimmer als eine neue Variante in eine laufende Welle hinein.John Burn-Murdoch@jburnmurdoch Â· 25. Nov. 2021Five quick tweets on the new variant B.1.1.529Caveat first: data here is *very* preliminary, so everything could change. Nonetheless, better safe than sorry.1) Based on the data we have, this variant is out-competing others *far* faster than Beta and even Delta did Diesen Thread anzeigen1.5302.28310.139	negative	0.8958	{'neg': 0.0, 'neu': 0.864, 'pos': 0.136, 'compound': 0.8958}
Wer sich empÃ¶rt, dass #Corona -Tests selbst bezahlt werden sollen, hat bereits akzeptiert, dass wir uns testen mÃ¼ssen, bevor wir einkaufen gehen kÃ¶nnen. #NoTest #ZerstÃ¶rungDesEinzelhandels #AmazonKonjunkturpaket752671.203	negative	0.4939	{'neg': 0.0, 'neu': 0.851, 'pos': 0.149, 'compound': 0.4939}
â€žDie oberen 10% der Steuerpflichtigen bezahlen mehr als 50% des Einkommenssteueraufkommens. Zu behaupten, dass sich diese Menschen nicht genug an der Finanzierung des Gemeinwesens beteiligen, ist unseriÃ¶s. Wir haben die hÃ¶chsten Steuern und Abgaben in Europa.â€œ (tm) #Maischberger7724623.384 	negative	0.5423	{'neg': 0.0, 'neu': 0.889, 'pos': 0.111, 'compound': 0.5423}
So kannâ€™s gehen, ziemlich peinlich fÃ¼r den Mann. So kennen wir ihn aus dem Bundestag. #noafdspiegel.deTino Chrupalla (AfD) will, dass SchÃ¼ler mehr deutsche Gedichte lernen â€“ kennt aber selbst keinsAfD-Chef Tino Chrupalla hat in einem Interview gefordert, SchÃ¼lerinnen und SchÃ¼ler sollten mehr Â»deutsche GedichteÂ« lernen. Doch auf Nachfrage des Kinderreporters kommt er ins Stammeln.87190 	negative	0.3597	{'neg': 0.046, 'neu': 0.866, 'pos': 0.088, 'compound': 0.3597}
Leute, Interview aus Absurdistan mit einem #Bundeswirtschaftsminister , der fÃ¼r unser aller Zukunft gar nicht geschafft hat. Nichts. Gar nichts, kein Problem angegangen. #CDUTagesspiegel@Tagesspiegel Â· 3. Juli 2021Wirtschaftsminister #Altmaier im Interview: â€ž#Klimaschutz darf keine Frage des dicken Geldbeutels werdenâ€œ. Peter Altmaier Ã¼ber Bismarcks Corona-Lehren, das drohende Karriereende, steigende #Benzinpreise - und warum die #GrÃ¼nen keine Volkspartei sind.https://tagesspiegel.de/politik/wirtschaftsminister-altmaier-im-interview-klimaschutz-darf-keine-frage-des-dicken-geldbeutels-werden/27388300.htmlâ€¦1330187 	negative	0.1027	{'neg': 0.032, 'neu': 0.912, 'pos': 0.056, 'compound': 0.1027}
Ach deshalb mÃ¼ssen sich unsere SchÃ¼ler testen lassen. SPD-Lobby kassiert mit !#Vergabe-AffÃ¤re: GrÃ¶ÃŸter staatlicher Klinikkonzern Vivantes bestellte Millionen Corona-Tests fÃ¼r Schulen bei der Mini-Firma eines RÃ¼stungslobbyistenbusinessinsider.deVergabe-AffÃ¤re: GrÃ¶ÃŸter staatlicher Klinikkonzern Vivantes bestellte Millionen Corona-Tests fÃ¼r...Im FrÃ¼hjahr vergab der Berliner Klinikkonzern Vivantes einen Millionen-Auftrag ohne Ausschreibung. Der seltsame Deal hat ein Nachspiel.22042 	negative	0.5122	{'neg': 0.0, 'neu': 0.918, 'pos': 0.082, 'compound': 0.5122}
Der #Staatstrojaner bereitet heute einen schwarzen Tag fÃ¼r die BÃ¼rgerrechte und IT-Sicherheit. Das Gesetz vermischt die Befugnisse der Strafverfolgung. Die #SPD muss heute bei der namentlichen Abstimmung Farbe bekennen. CL821941.648 	negative	0.25	{'neg': 0.0, 'neu': 0.935, 'pos': 0.065, 'compound': 0.25}
Was fÃ¼r eine Wahnsinns-Ideologie,die dutzende unschuldige Opfer fordert. #ISIS & Islamismus verbreiten nichts als Angst & Terror. Wir trauern mit den AngehÃ¶rigen der Opfer von #Kabul. Danke an die Soldaten der Bundeswehr fÃ¼r den beispiellosen Einsatz! #KabulAiport #Kabul_Airport1433141 	negative	0.7789	{'neg': 0.067, 'neu': 0.692, 'pos': 0.241, 'compound': 0.7789}
Ist das gerecht? Wohl keine â€žHÃ¤rteleistungenâ€œ fÃ¼r #WÃ¼rzburg-Opfer!Weil die Ermittler trotz der â€žAllahu-Akbarâ€œ-Rufe bislang kein zweifelsfreies islamistisches Hauptmotiv erkennen wollen, werden die Gelder wohl nicht ausgezahlt.https://afdkompakt.de/2021/07/05/ist-das-gerecht-wohl-keine-haerteleistungen-fuer-wuerzburg-opfer/â€¦#afd #abernormal21119300 	negative	0.5093	{'neg': 0.0, 'neu': 0.888, 'pos': 0.112, 'compound': 0.5093}
Kein #Aprilscherz: Die #CDU will RechtsdrauÃŸen-#MaaÃŸen fÃ¼r den Bundestag aufstellen. Ein Wink Richtung #noAfD, insbesondere der @cdu_thueringen, die ja Erfahrungen damit hat, wie man mit Faschisten gemeinsame Sache macht. #CDUrausausderRegierung #NiemehrCDU #StopptMaaÃŸen79113527 	negative	0.296	{'neg': 0.096, 'neu': 0.725, 'pos': 0.179, 'compound': 0.296}
Jetzt live! Auf YouTube, Facebook, Twitter & in Messengern kursieren LÃ¼gen & VerschwÃ¶rungsmythen. Die Urheber beabsichtigen damit hÃ¤ufig, gezielt das Vertrauen in unsere Demokratie zu untergraben. Was kÃ¶nnen wir dagegen tun?GrÃ¼ne im Bundestag@GrueneBundestagDer EU-Aktionsplan fÃ¼r Demokratie19517 	negative	0.5707	{'neg': 0.045, 'neu': 0.814, 'pos': 0.142, 'compound': 0.5707}
â€žWir brauchen keinen bÃ¼rgerlichen Rosenkriegâ€œWer hatâ€˜s gesagt?Na klar, der bayerische Rosenkrieger.Wer solche (Partei)Freunde hat, braucht keine Feinde mehr.11518 	negative	0.631	{'neg': 0.0, 'neu': 0.757, 'pos': 0.243, 'compound': 0.631}
#AfDwirktâ€¦ auch bei den #sozis ein bisschen:m.faz.netIn offizieller Kommunikation Frauenministerin Lambrecht spricht sich gegen Genderstern ausMinisterien und BehÃ¶rden sollen auf den Genderstern und andere wildwÃ¼chsige Sprachregelungen zur â€žGeschlechtersensibilitÃ¤tâ€œ verzichten. Das empfiehlt die Bundesfamilienministerin. Sie wirbt fÃ¼r einen...12735 	negative	0.5574	{'neg': 0.039, 'neu': 0.833, 'pos': 0.127, 'compound': 0.5574}
"...und mit den Stimmen der selbsternannten ""Bürgerrechtspartei"" @Die_Gruenen. Nicht unwichtig, wenn man wissen will, wer über den #Gesundheitsschutz die #Bürgerrechte vergisst und wer sich auch in der #Krise um sie kümmert! #Liberal #EpidemischeLage #Corona @fdpTom Bohn@realTomBohn · 11. Juni 2021""Trotz Kritik aus der Opposition hat der Bundestag mit Stimmen von Union und SPD die epidemische Notlage verlängert.""WELT, gerade eben.Bundestagswahl: Sonntag 26.09.#FDP1935266"	negative	0.7394	{'neg': 0.044, 'neu': 0.833, 'pos': 0.123, 'compound': 0.7394}
Die Demokraten der Welt sind solidarisch mit dem Volk der Vereinigten Staaten. Sein demokratischer Wille wird von einem rechten Putschversuch bedroht #Washingtontrittin.deUSA: Ein Putschversuch mit Ansage | JÃ¼rgen TrittinZum Sturm auf das Kapitol und zu den Behinderungsversuchen der Zertifizierung des Wahlsiegers Joe Biden durch republikanische Abgeordnete erklÃ¤rt JÃ¼rgen Trittin, Mitglied im AuswÃ¤rtigen Ausschuss: Es...3741 	negative	0.3612	{'neg': 0.043, 'neu': 0.852, 'pos': 0.104, 'compound': 0.3612}
Was fÃ¼r eine Schmach fÃ¼r die europÃ¤ischen Konservativen, die Fidesz lÃ¤ngst selbst hÃ¤tten rausschmeiÃŸen sollen. Formell ist es bemerkenswert, dass ein Nicht-MdEP mit dem Briefkopf des MinisterprÃ¤sidenten den Austritt von MdEP aus einer Fraktion erklÃ¤rt.Tom Nuttall@tom_nuttall Â· 3. MÃ¤rz 2021BOOM. Fidesz quits the EPP, after the centre-right group amends its rules to make ejection easier. Orban jumps before he is pushed.Diesen Thread anzeigen47111 	negative	0.4588	{'neg': 0.0, 'neu': 0.954, 'pos': 0.046, 'compound': 0.4588}
"Es stehen Fragen im Raum, Herr #Spahn. Warum agieren Sie nach der Devise ""Angriff ist die beste Verteidigung""?, fragt @KatjaMast. ""Was wollen Sie damit erreichen? Wollen Sie etwas vertuschen? Ein souveräner Umgang mit kritischen Hinweisen sieht anders aus!""5936"	negative	0.7326	{'neg': 0.09, 'neu': 0.709, 'pos': 0.201, 'compound': 0.7326}
Das Problem war bisher nicht, dass die Hersteller keine #Corona-#Impfstoffe entwickelt hÃ¤tten. Das Problem war, dass die Bundesregierung nicht in der Lage war, ausreichende Mengen davon zu kaufen. Ob das bei Impfstoffen fÃ¼r Kinder und Jugendliche anders wird? Hoffentlich!Die Nachrichten@DLFNachrichten Â· 6. Feb. 2021Bundesgesundheitsminister #Spahn hofft auf einen fÃ¼r Kinder und Jugendliche geeigneten #Impfstoff gegen das Coronavirus in diesem Sommer. Bei mehrere Herstellern gebe es bereits entsprechende Studien.https://deutschlandfunk.de/covid-19-spahn-erwartet-corona-impfstoff-fuer-kinder-im.1939.de.html?drn:news_id=1224469â€¦3017135 	negative	0.372	{'neg': 0.057, 'neu': 0.852, 'pos': 0.091, 'compound': 0.372}
Presseberichte z.B. in der SZ legen nahe, dass eigenwillige Pressemitteilungen bestimmte EindrÃ¼cke erwecken sollen, die jedenfalls mit Fakten oder richterlichen BeschlÃ¼ssen nicht wirklich deckungsgleich sind.Ein Schelm, der BÃ¶ses dabei denktâ€¦Da muss doch was hÃ¤ngen bleiben 6328 	negative	0.1779	{'neg': 0.0, 'neu': 0.954, 'pos': 0.046, 'compound': 0.1779}
Und @ArminLaschet schweigt.Silvio Duwe@sduwe Â· 3. Juli 2021Hans-Georg MaaÃŸen fordert bei TV Berlin einen @ndr-Untersuchungsausschuss, um die charakterliche Eignung von @tagesschau-Redakteuren zu Ã¼berprÃ¼fen.Ein klarer Angriff auf Pressefreiheit und redaktionelle UnabhÃ¤ngigkeit.@ver_jorg @DJVdeDiesen Thread anzeigen1552221.955 	negative	0.3612	{'neg': 0.06, 'neu': 0.813, 'pos': 0.127, 'compound': 0.3612}
.@jankortemdb: Im @BMVg_Bundeswehr gibt es ein LÃ¶sch-Moratorium zu allen Afghanistan-Daten - @akk nickt auf Nachfrage - in @BMI_Bund & @auswaertigesamt nicht. Hat die #Bundesregierung etwas zu vertuschen? Was bedeutet das #Afghanistan-Desaster fÃ¼r laufende Bundeswehr-EinsÃ¤tze?62571 	negative	0.3094	{'neg': 0.0, 'neu': 0.93, 'pos': 0.07, 'compound': 0.3094}
Die Bundesregierung muss das unwÃ¼rdige Gezerre um die EntschÃ¤digung der Opfer des Anschlags von #WÃ¼rzburg unverzÃ¼glich beenden. Deutsche dÃ¼rfen nicht zu Opfern zweiter Klasse gemacht werden! Es ist absurd, das islamistische Motiv des TÃ¤ters zu leugnen.#AfDhttps://facebook.com/aliceweidel/photos/a.1063313067013261/4498192723525261/â€¦1556672.345 	negative	0.2942	{'neg': 0.092, 'neu': 0.825, 'pos': 0.083, 'compound': 0.2942}
Fallzahlen explodieren in Indien und Mutationen werden auch andere Ã¤rmere LÃ¤nder erreichen. IndustrielÃ¤nder sind moralisch in der Pflicht, auch Ã¤rmere LÃ¤nder schnellsten mit Impfstoff zu versorgen. Technisch ist das mÃ¶glich, Ã¶konomisch und ethisch ein Mussaerzteblatt.deGlobale Impfstoffverteilung: Die Blockade der Reichen2034283.473 	negative	0.5574	{'neg': 0.091, 'neu': 0.72, 'pos': 0.189, 'compound': 0.5574}
Man muss in der Demokratie andere Meinungen aushalten. Aber den Beitrag der Sozialdemokratie zum Aufbau unseres Landes und dem Erfolg unserer Demokratie zu leugnen, wie Herr Laschet es tut, ist nicht nur geschichtsvergessen sondern unanstÃ¤ndig und wÃ¼rdelos.2991.03610.194 	negative	0.25	{'neg': 0.057, 'neu': 0.862, 'pos': 0.081, 'compound': 0.25}
Zu #MaaÃŸen bleibt @ArminLaschet maximal unklar - egal welche rassistischen AbsurditÃ¤ten dieses rechtsradikalen CDU-Mitglieds und Bundestagskandidaten man ihm vortrÃ¤gt, er sagt: â€žIch wÃ¤hle in Aachen.â€œ #Triell1091351.915 	negative	0.0516	{'neg': 0.077, 'neu': 0.839, 'pos': 0.084, 'compound': 0.0516}
Absurde Aussage von ihm. Lage ist weiter ernst, Infektionszahlen mÃ¼ssen dringend runter. Das hilft auch der Wirtschaft! FÃ¼r uns GrÃ¼ne ist klar: wenn die Infektionszahlen es hergeben und es um mÃ¶gliche Ã–ffnungen geht, dann haben Kinder Vorrang - Grundschule Ã¶ffnen geht dann vor.BILD MÃ¼nchen@BILD_Muenchen Â· 22. Jan. 2021SCHON IM FEBRUAR - Aiwanger will Hotels und Skilifte aufsperren https://bild.de/regional/muenchen/muenchen-aktuell/bayern-aiwanger-will-hotels-und-skilifte-im-februar-aufsperren-75014666.bild.htmlâ€¦ #Muenchen Nachrichten2211111 	negative	0.5707	{'neg': 0.029, 'neu': 0.883, 'pos': 0.088, 'compound': 0.5707}
Was fÃ¼r ein schamloser Selbstbedienungsladen. Auch daran bei den nÃ¤chsten Wahlen denken! #OperationAbendsonne #Abendsonne #btw2021m.bild.deOperation Abendsonne: Bundesregierung schafft 71 Top-Stellen fÃ¼r BeamteIn der Bundesregierung lÃ¤uft die â€žOperation Abendsonneâ€œ! CDU, CSU und SPD schaffen kurz vor der Bundestagswahl im September zusÃ¤tzliche Top-Beamtenstellen in der hÃ¶chsten Besoldungsgruppe B. Mit dem...41231605 	negative	0.2225	{'neg': 0.074, 'neu': 0.835, 'pos': 0.091, 'compound': 0.2225}
â€žUnd noch so eine Frage, die sich bei der Betrachtung Laschets inzwischen aufdrÃ¤ngt: warum und wofÃ¼r will dieser Mann eigentlich Kanzler werden? â€žWolfgang Blau@wblau Â· 6. Aug. 2021Was genau wollen Laschets Konservative eigentlich konservieren? Zum Klima fÃ¤llt ihnen erschÃ¼tternd wenig ein.Und noch so eine Frage, die sich bei der Betrachtung Laschets inzwischen aufdrÃ¤ngt: warum und wofÃ¼r will dieser Mann eigentlich Kanzler werden? WeiÃŸ er es?#klimakrise1325190 	negative	0.4871	{'neg': 0.0, 'neu': 0.953, 'pos': 0.047, 'compound': 0.4871}
Ich wÃ¼rde so gerne sachlich Ã¼ber Inhalte debattieren und bin jederzeit offen fÃ¼r Kritik, auch gerne sehr direkt, wenn fundiert. Aber Kritik zu Ã¼ben, ohne den beim #fdpbpt21 Antrag zu kennen, ist genauso intellektuell erbÃ¤rmlich wie die Nutzung des Begriffs #AFDP.Jan BÃ¶hmermann@janboehm Â· 16. Mai 2021Nein, BÃ¶hmi hat keine Angst um sein Gehalt. BÃ¶hmi ist ein Verfechter eines starken und unabhÃ¤ngigen Ã¶ffentlich-rechtlichen Rundfunk, der die privatwirtschaftlich dominierte duale Medienlandschaft in Deutschland kraftvoll ergÃ¤nzt, Ihr kleinen #afdp Spinner (kein Gendern nÃ¶tig).Diesen Thread anzeigen1201341.765 	negative	0.7353	{'neg': 0.049, 'neu': 0.854, 'pos': 0.097, 'compound': 0.7353}
Unser ErnÃ¤hrungssystem ist gescheitert. Wir brauchen einen Systemwechsel, hin zu seiner gesunden #ErnÃ¤hrungsumgebung: https://bundestag.de/mediathek?videoid=7495876#url=L21lZGlhdGhla292ZXJsYXk/dmlkZW9pZD03NDk1ODc2&mod=mediathekâ€¦ @dpa @AFPde @GrueneTS /TKbundestag.deDeutscher Bundestag - MediathekLive, unkommentiert und in voller LÃ¤nge: SÃ¤mtliche Live-Ãœbertragungen des Parlamentsfernsehens sowie das vollstÃ¤ndige Videoangebot seit Beginn der 17. Wahlperiode im Oktober 2009 bietet...161430 	negative	0.5719	{'neg': 0.0, 'neu': 0.917, 'pos': 0.083, 'compound': 0.5719}
Die #noAfD macht sich hier heute ehrlich: Sie will am liebsten GAR KEINE #Migration. Das wäre für unser Land aber fatal! Deutschland braucht Fachkräfte. Ginge es nach der #noAfD, gäbe es auch #BioNTech nicht! @johannesvogel im #Bundestag18048112	negative	0.7772	{'neg': 0.058, 'neu': 0.734, 'pos': 0.209, 'compound': 0.7772}
"#Alltagsrassismus Lese den Tweet unten u ertappe mich beim Gedanken: ""In Deiner Haut möchte ich nicht stecken"" u merke, wie dieser Satz in diesem Kontext wörtlich gilt u wie krass er Alltagsrassismus beschreibt Marcos Moschovidis@Moschovidis · 2. Aug. 2021Neuer persönlicher Rekord: 45 Sekunden nach Landung in Deutschland von der Polizei kontrolliert werden als einziger in einer Menschentraube mit ca. 30 Leuten und auf Englisch addressiert werden obwohl man Deutsch spricht und einen Deutschen Perso hat. Schön zuhause zu sein :)Diesen Thread anzeigen239"	negative	0.7845	{'neg': 0.022, 'neu': 0.874, 'pos': 0.104, 'compound': 0.7845}
Die Menschen beobachten die Parteien genau. Sie wissen: So wie die Parteileute miteinander umgehen, so gehen sie auch mit den BÃ¼rgern und deren Interessen um. Und wer mÃ¶chte schon so behandelt werden, wie der aufrechte Armin #Laschet von seiner eigenen Partei behandelt wird?2071592.105 	negative	0.8834	{'neg': 0.0, 'neu': 0.755, 'pos': 0.245, 'compound': 0.8834}
Die Forderung von @NowaboFM, Deutschland habe ein Mitspracherecht, wie #Israel seine Sicherheit verteidigt, ist fern von jeder RealitÃ¤t und eine AnmaÃŸung. Das kann auf allen Seiten nur KopfschÃ¼tteln auslÃ¶sen.welt.deIsrael-Ã„uÃŸerung des SPD-Chefs: â€žFern von RealitÃ¤t und eine AnmaÃŸungâ€œ - WELTWaffenlieferungen an Israel mit einem Mitspracherecht in Nahost verknÃ¼pfen? Der VorstoÃŸ von SPD-Chef Walter-Borjans stÃ¶ÃŸt auf scharfe Kritik. CDU-AuÃŸenpolitiker RÃ¶ttgen fordert eine Klarstellung, die...3159470 	negative	0.5106	{'neg': 0.043, 'neu': 0.878, 'pos': 0.079, 'compound': 0.5106}
Man muss wohl erst das gesamte Interview lesen, um keinem falschen Eindruck zu unterliegen.Nach den Zitatpartikeln kÃ¶nnte man sonst auf eine bemerkenswerte Mischung aus Narzissmus und Larmoyanz bzw. eine erhebliche DisparitÃ¤t von Eigen- und Fremdwahrnehmung schlieÃŸen. Ulf Poschardt@ulfposh Â· 21. Apr. 2021â€žIch wurde auf einmal Ã¼ber Ã„uÃŸerlichkeiten beschrieben und nicht Ã¼ber meine Leistungsbilanz und Erfahrung. Das hat genervt und war irritierend. Bei Frauen wÃ¼rde man das sexistische Zuschreibungen nennen.â€œ-> https://instagram.com/robert.habeck/?hl=deâ€¦https://welt.de/politik/deutschland/article230553401/Robert-Habeck-Wollte-dieser-Republik-als-Kanzler-dienen.html?cid=socialmedia.twitter.shared.webâ€¦ via @welt1229 	negative	0.3313	{'neg': 0.06, 'neu': 0.863, 'pos': 0.077, 'compound': 0.3313}
Die #AfD ist eine Partei der Niedertracht. Das musste in der heutigen Rede einfach mal raus  22 14 80	negative	0.3182	{'neg': 0.0, 'neu': 0.887, 'pos': 0.113, 'compound': 0.3182}
Die Situation ist immer noch die gleiche wie 2015: Es existiert eine Herrschaft des Unrechts (Seehofer). Tausende Migranten kommen ungehindert und unkontrolliert Ã¼ber offene Grenzen ins Land. Eine untragbare Situation!  #AfD tagesspiegel.de 4300 Migranten kamen seit August Ã¼ber die Belarus-Route nach Deutschland Eine neue Fluchtroute aus Syrien, dem Irak oder dem Jemen nach Deutschland ist entstanden. Brandenburger Ankunftszentren erweitern die KapazitÃ¤t mit Zelten. 17 103 264	negative	0.1759	{'neg': 0.065, 'neu': 0.86, 'pos': 0.075, 'compound': 0.1759}
Dieses ewige â€žAktien sind nur was fÃ¼r Reicheâ€œ Ã¤rgert mich, denn es ist einfach Quatsch und sorgt bei vielen Menschen fÃ¼r Angst. Viele Depots kosten nichts und Anlageberater braucht man auch nicht, wenn man jeden Monat z.B. 50 â‚¬ mit einem ETF-Sparplan investiert. Bernd Riexinger @b_riexinger  Â· 18. Mai 2021 Nur 15% der Deutschen haben Ã¼berhaupt #Aktien. FÃ¼r #FDPler wahrscheinlich unvorstellbar, aber die meisten Menschen haben nicht tausende von Euro Ã¼ber fÃ¼r ein Aktiendepot und einen Anlageberater. 2/4 Diesen Thread anzeigen 80 82 1.180	negative	0.0772	{'neg': 0.037, 'neu': 0.911, 'pos': 0.052, 'compound': 0.0772}
Ãœber 1,25 Mio Spenden der Immobilienwirtschaft an die CDU. Die Union spuckt ihrem Wirt nicht in die Suppe & verhindert eine Teilung der CO2-Mehrkosten zwischen Mieter & Vermieter. Hohntriefende BegrÃ¼ndung: Es soll sich fÃ¼r Verbraucher lohnen, weniger CO2 zu verbrauchen. SchÃ¤big! tagesschau @tagesschau  Â· 22. Juni 2021 Koalition kippt Mieter-Entlastung beim CO2-Preis http://tagesschau.de/inland/mieter-co2-preis-101.htmlâ€¦ #CO2Preis #Mieter #Vermieter 24 80 338	negative	0.4574	{'neg': 0.027, 'neu': 0.897, 'pos': 0.076, 'compound': 0.4574}
"""Armin Laschets Unionsfraktion weigert sich, die Kosten fÃ¼r eine energieeffiziente Heizung gerecht zwischen Mieter*innen und Vermieter*innen aufzuteilen"", erklÃ¤rt  @EskenSaskia  bei der #spdpk. ""Gerechtigkeit beim Klimaschutz scheint fÃ¼r die Union keinerlei Bedeutung zu haben."" 56 42 223"	negative	0.7783	{'neg': 0.0, 'neu': 0.809, 'pos': 0.191, 'compound': 0.7783}
Die Bundesregierung steckt mitten in einer zweiten #MaskenaffÃ¤re und das Vertrauen in den Bundesgesundheitsminister ist aufgebraucht. Dass die Bundeskanzlerin ihn nicht entlÃ¤sst, fÃ¤llt auf die gesamte Bundesregierung zurÃ¼ck. Meine Rede zur Aktuellen Stunde der  @Linksfraktion : 10.246 Mal angezeigt 0:02 / 6:25 31 102 464	negative	0.5994	{'neg': 0.0, 'neu': 0.893, 'pos': 0.107, 'compound': 0.5994}
Dass Paul #Ziemiak Carolin #Emcke und den Antisemitismus-Vorwurf fÃ¼r ein billiges WahlkampfmanÃ¶ver instrumentalisiert, ist daneben. DafÃ¼r ist der Kampf gegen Antisemitismus zu wichtig und zu ernst. Ich erwarte eine Entschuldigung an  @C_Emcke , die in ihrer Haltung glasklar ist. 77 208 1.925	negative	0.25	{'neg': 0.092, 'neu': 0.794, 'pos': 0.114, 'compound': 0.25}
Erstaunlich, wieviele Experten und Journalisten eine Wirksamkeit von 8% des Astra Wirkstoffs fÃ¼r mÃ¶glich gehalten haben. HÃ¤tte bedeutet, dass Ã„ltere mit Astra Geimpfte und Ungeimpfte nach Beginn Impfwirkung gleich oft Symptome zeigen. Das schadet stark tagesspiegel.de â€žVerdammte Trottelâ€œ â€“ Astrazeneca-Streit wird zur Schlammschlacht Ist der Impfstoff bei Ã¤lteren Menschen kaum wirksam? Hinweise darauf verdichten sich. Die EMA schlieÃŸt inzwischen eine begrenzte Zulassung nicht aus. 185 124 1.009	negative	0.7354	{'neg': 0.047, 'neu': 0.822, 'pos': 0.131, 'compound': 0.7354}
Wie schon seit Wochen ist die Lage in #Myanmar ernst. Polizei und MilitÃ¤r gehen gewaltsam gegen friedlich Demonstrierende vor.   und  mÃ¼ssen das Vorgehen in Myanmar verurteilen. Die zivile Regierung muss wieder eingesetzt und Freiheit und Menschenrechte geachtet werden. 4 20 100	negative	0.296	{'neg': 0.127, 'neu': 0.723, 'pos': 0.151, 'compound': 0.296}
"#Fidesz verlÃ¤sst die EVP-Fraktion, was intern lange gefordert wurde. ""Aber den Herren von der #CSU, Markus #SÃ¶der und Manfred Weber, war Machtsicherung wichtiger als europÃ¤ische Werte. Sie haben jahrelang ihre schÃ¼tzende Hand Ã¼ber einen Autokraten gehalten"", sagt  @CPetryMdB . 1/3 2 2 22"	negative	0.7783	{'neg': 0.0, 'neu': 0.826, 'pos': 0.174, 'compound': 0.7783}
Verfolgen Sie #SÃ¶der bei seinen Pirouetten, Blitzwandlungen und HakenschlÃ¤gen, wÃ¤hrend er dem gefÃ¼hlten medialen Zeitgeist hinterherhechelt - und wenn der grÃ¼n ist, mutiert PolitchamÃ¤leon SÃ¶der schon mal zum Shrek. #LaschetvsSoeder #Laschet youtube.com Markus SÃ¶der: WofÃ¼r steht er? Ein Turbopopulist im PortrÃ¤t | Dr.... Schicksalstage bei der Union.Niemand ist dort wirklich von Laschet Ã¼berzeugt, aber SÃ¶der gilt vielen als sprunghaft bis unberechenbar; er steht fÃ¼r kein Prog... 51 143 584	negative	0.6369	{'neg': 0.0, 'neu': 0.94, 'pos': 0.06, 'compound': 0.6369}
"#KrampfgegenRechts #AAS #IDZ #Ramelow & Konsorten... Polizei Berlin Einsatz @PolizeiBerlin_E  Â· 1. Mai 2021 Den Ausschluss einzelner ""BlÃ¶cke"" haben wir der Versammlungsleitung mitgeteilt und den Teilnehmenden Ã¼ber Lautsprecherwagen bekannt gegeben. Inzwischen gibt es massive Flaschen- & SteinwÃ¼rfe auf unsere EinsatzkrÃ¤fte. Ein Steinwurf traf auch unseren Lautsprecherwagen. #b0105 11 6 35"	negative	0.4215	{'neg': 0.0, 'neu': 0.922, 'pos': 0.078, 'compound': 0.4215}
Die CSU wollte die #Maut ohne RÃ¼cksicht auf Verluste durchsetzen â€“ bleiben wird ein Schaden von Ã¼ber 500 Mio. Euro.  Heute wird @AndiScheuer zum zweiten Mal im Untersuchungsausschuss dazu befragt.   Wir fragen uns: Warum ist er immer noch im Amt?  26 35 191	negative	0.0844	{'neg': 0.05, 'neu': 0.893, 'pos': 0.057, 'compound': 0.0844}
Dass sich Coronaleugner, Impfverweigerer und Rechtsextremisten mit Fake-News, wirren VerschwÃ¶rungstheorien und dem hochgradig nach psychiatrischen Befunden anmutendem Geschwurbel immer weiter radikalisieren, kann nicht tatenlos hingenommen werden! 386 63 112	negative	0.122	{'neg': 0.074, 'neu': 0.806, 'pos': 0.12, 'compound': 0.122}
Jetzt hat die #Bundeswehr nicht nur defekte GerÃ¤tschaften, sondern auch ein #Weltraumkommando. Die #Bundesregierung greift nach den Sternen, holt aber keinen Fortschritt vom Himmel. 43 70 607	negative	0.6293	{'neg': 0.0, 'neu': 0.83, 'pos': 0.17, 'compound': 0.6293}
Wer glaubt, dass der Verfassungsschutz die Verfassung schÃ¼tzt, glaubt auch, dass Zitronenfalter Zitronen falten. Rico Gebhardt @ricogebhardt  Â· 9. Juni Das was Ã¼ber mich und Andere gespeichert wurde, zeigt mir nur wie richtig @LINKE_LTSachsen mit unserer Forderung liegen, dass diesen Innlandgeheimdienst kein Mensch braucht. Es ist wie immer: Der #Verfassungsschutz macht nicht was er soll, dafÃ¼r aber das, was er nicht darf. 19 39 202	negative	0.6124	{'neg': 0.0, 'neu': 0.926, 'pos': 0.074, 'compound': 0.6124}
Union & SPD lassen #SelbstÃ¤ndige im Regen stehen, Folge 358: Nach 9 Monaten Pandemie wurde im November die â€žNeustarthilfeâ€œ angekÃ¼ndigt. Recht kÃ¼mmerlich, aber immerhin bewegte sich endlich Ã¼berhaupt was. Jetzt ist Februar und man kann diese immer noch nicht beantragen!  Rasmus Buchsteiner @R_Buchsteiner  Â· 8. Feb. 2021 Versprochen, gebrochen: Die neue #Corona-Hilfe fÃ¼r SelbststÃ¤ndige sollte eigentlich seit Jahresbeginn verfÃ¼gbar sein. Sie ist es nicht. Mehr dazu heute in #HauptstadtDasBriefing @johannesvogel https://thepioneer.de/originals/hauptstadt-das-briefing/briefings/der-scholz-zugâ€¦ 8 16 55	negative	0.5983	{'neg': 0.0, 'neu': 0.934, 'pos': 0.066, 'compound': 0.5983}
Die #Bundesnotbremse ist der nÃ¤chste HÃ¶hepunkt einer Coronapolitik mit der Holzhammermethode. AusgangsbeschrÃ¤nkungen fÃ¼r SpaziergÃ¤nger? Masken im Freien? Pauschale BetriebsschlieÃŸungen? Diese Politik lÃ¤sst jede VerhÃ¤ltnismÃ¤ÃŸigkeit missen! 123 343 1.600	negative	0.6036	{'neg': 0.0, 'neu': 0.873, 'pos': 0.127, 'compound': 0.6036}
"Man sollte #bio nicht gegen #RegionalitÃ¤t ausspielen! Aber genau das machen die GrÃ¼nen, wenn sie sagen: â€žIch mÃ¶chte lieber biologischen Weizen aus Italien als konventionelles Getreide aus dem Nachbardorf"" #Nachhaltig ist das nicht! #Landwirtschaft https://donaukurier.de/lokales/riedenburg/Bekenntnis-zu-Bio;art602,4732246?fbclid=IwAR2QKLCCYD3u2uGGZHvrPUwb256kRvCzWo-gijI4F54gECF7gs0fgsLNROIâ€¦ 2 7"	negative	0.6988	{'neg': 0.0, 'neu': 0.851, 'pos': 0.149, 'compound': 0.6988}
"Skurriler Kommentar  a) es ging gestern nicht um â€ž#Merkel s VermÃ¤chtnisâ€œ;  b) jeder Kanzler hat fÃ¼r seine Partei gewahlkÃ¤mpft;  c) #Scholz wird kraft Raute zum Nachfolger ausgerufen; d) #Baerbock wird als mÃ¶gliche Siegerin nicht mehr erwÃ¤hnt (ok, das ist nicht skurril). #btw21 tagesthemen @tagesthemen  Â· 7. Sep. 2021 ""Wie #Merkel ihre vermutlich letzte Rede im Bundestag fÃ¼r einen Werbeblock fÃ¼r #Laschet nutzte, wirft auch auf ihren Abgang einen Schatten."" Eine Meinung von @TinaHassel. #btw21 2:00 98.169 Mal angezeigt 15 14 189"	negative	0.4939	{'neg': 0.0, 'neu': 0.961, 'pos': 0.039, 'compound': 0.4939}
"Isso Britta HaÃŸelmann @BriHasselmann  Â· 4. MÃ¤rz 2021 Wie viele GroÃŸprojekte musste #Scheuer eigentlich groÃŸspurig in den Sand setzen, um sich fÃ¼r die ""Taskforce Testlogistik"" zu qualifizieren?!  Und was hat eigentlich Jens #Spahn die letzten Monate gemacht, wenn die Task-Force erst JETZT eingesetzt wird?  #Coronagipfel 1 25"	negative	0.2851	{'neg': 0.0, 'neu': 0.954, 'pos': 0.046, 'compound': 0.2851}
Bin gespannt, ob #SPD #GrÃ¼ne & #FDP die Kumpanei mit #Erdogan beenden und Waffenexporte an den #NATO -Partner TÃ¼rkei endlich stoppen & seine Schergen wie die #GrauenWÃ¶lfe auch in Dt. verbieten.   - An ihren Taten wird man sie  ( #Ampelkoalition ) erkennen. 24 32 193	negative	0.0772	{'neg': 0.087, 'neu': 0.843, 'pos': 0.071, 'compound': 0.0772}
+++AfD-Mann zerlegt Ã–kosozialisten!+++  Der #AfD-Bundestagsabgeordnete Dr. Rainer Kraft nimmt die feuchten EnteignungstrÃ¤ume der #Ã–kosozialisten auseinander.  #AfD #abernormal   https://afdkompakt.de/2021/07/05/afd-mann-zerlegt-oekosozialisten/â€¦ 0:28 1.513 Mal angezeigt 12 28 136	negative	0.5411	{'neg': 0.0, 'neu': 0.873, 'pos': 0.127, 'compound': 0.5411}
Lange Zeit hat die #AfD beim Thema Migration die LÃ¼ge erzÃ¤hlt, sie sei ja angeblich nur fÃ¼r mehr Steuerung, nicht gegen Einwanderung generell. Diese Maske ist heute im #Bundestag gefallen. Die AfD hasst einfach Vielfalt â€“ und damit einen Teil unserer Erfolgsgeschichte! 16 34 204	negative	0.126	{'neg': 0.071, 'neu': 0.829, 'pos': 0.1, 'compound': 0.126}
Guten Morgen ! 16 quÃ¤lend lange Jahre stellte die Union nun mit Merkel den Kanzler - aber tut in ihrem Wahlprogramm so, als sei sie noch in der Opposition und mÃ¼sse das Land vom Muff der vorangegangenen Kanzlerschaft einer gegnerischen Partei befreien! https://facebook.com/Prof.Dr.Joerg.Meuthen/posts/1985078841640811â€¦ 49 104 459	negative	0.717	{'neg': 0.029, 'neu': 0.84, 'pos': 0.131, 'compound': 0.717}
"Neue VorwÃ¼rfe Ã¼ber fragwÃ¼rdige FirmenaktivitÃ¤ten von Unionsabgeordneten im Deutschen Bundestag.
Diesmal sollen sich zwei StaatssekretÃ¤re aus dem Hause von Wirtschaftsminister Altmaier fÃ¼r zwielichtige Aktionen von Inkassounternehmen in Aserbeidschan + der Ukraine verdingt haben.
13
3
12"	negative	0.4404	{'neg': 0.0, 'neu': 0.919, 'pos': 0.081, 'compound': 0.4404}
"Kann nur sagen, wenn ich das #SchleswigHolstein - Lied allein und ohne musikalische Begleitung bei #Clubhouse singen wÃ¼rde,  klÃ¤nge das auch ganz schÃ¶n Scheisse. #Amthor #DerEchteNorden
8
7
143"	negative	0.2732	{'neg': 0.099, 'neu': 0.767, 'pos': 0.134, 'compound': 0.2732}
"Wenn es, wie hier, rechtswidrig und Ã¼ber Jahre zu MilliardenschÃ¤den in den Staatshaushalten gekommen ist, muss geklÃ¤rt und klar benannt werden, wer dafÃ¼r die Verantwortung trÃ¤gt. 
Ruprecht Polenz
@polenz_r
 Â· 28. Juli 2021
Wer hÃ¤tte das gedacht, dass man sich Steuern, die man einmal gezahlt hat, nicht zweimal erstatten lassen kann. Im Ernst: gibt es neben der strafrechtlichen auch eine politische Verantwortung? #cumex twitter.com/tagesschau/staâ€¦
Diesen Thread anzeigen
16
39
245"	negative	0.4019	{'neg': 0.032, 'neu': 0.886, 'pos': 0.082, 'compound': 0.4019}
"#Afghanistan ist nicht nur das Versagen eines Ministers. Es ist das Versagen der Bundesregierung.
phoenix
@phoenix_de
 Â· 18. Aug. 2021
#Afghanistan| AuÃŸenminister #Maas & die gesamte #Bundesregierung habe versagt, kritisiert Omid @nouripour @GrueneBundestag. Der #BND habe aus Personalmangel nur noch von den Amerikanern abgeschrieben. Er konnte die VersÃ¤umnisse der Politik nicht kompensieren. @die_gruenen
35
106
611"	negative	0.3369	{'neg': 0.079, 'neu': 0.836, 'pos': 0.085, 'compound': 0.3369}
"In Schulen fehlen Luftfilter und SchÃ¼ler und Lehrer sind schon froh, wenn es Klopapier und Seife gibt, aber Milliarden fÃ¼r irrsinnige Waffensysteme sind immer da. Was lÃ¤uft bloÃŸ falsch bei euch 
@spdbt
 ? #FCAS
Gesine LÃ¶tzsch
@LoetzschMdB
 Â· 23. Juni 2021
Heute sollen 27 RÃ¼stungsprojekte beschlossen werden. Kosten Ã¼ber 19 Mrd. Euro! Soviel geben wir in einem Jahr fÃ¼r Bildung und Wissenschaft aus. Olaf Scholz hat allen Vorlagen zugestimmt. Nicht mit uns! 
#BTW21 #LINKE
4
24
72"	negative	0.5696	{'neg': 0.08, 'neu': 0.809, 'pos': 0.111, 'compound': 0.5696}
"""Weder die Ã–ffentlichkeit noch das Plenum werden Ã¼ber den #MegaLockdown informiert und miteinbezogen. Das ist nicht akzeptabel. Diese FreiheitseinschrÃ¤nkungen dÃ¼rfen nicht hinter verschlossenen TÃ¼ren von #Merkel beraten werden.â€œ So 
@c_lindner
 zum #MegaLockdown
15.175 Mal angezeigt
0:03 / 1:03
131
122
491"	negative	0.1818	{'neg': 0.051, 'neu': 0.882, 'pos': 0.067, 'compound': 0.1818}
"Inzwischen zeigen viele Studien, dass und wie Covid das Gehirn beschÃ¤digen kann. Es gibt mehr Hinweise, dass Covid Ã¤hnlich wie Herpes Viren das Risiko der Alzheimer Demenz erhÃ¶ht. JÃ¼ngere Menschen interessiert das nicht. Aber jeder Ãœ50 sollte das wissen
npr.org
Doctors Worry That Memory Problems After COVID-19 May Set The Stage For Alzheimer's
Some patients who have had COVID-19 develop symptoms resembling early Alzheimer's. Researchers are trying to figure out whether these people are more likely to develop the disease itself.
429
661
3.318"	negative	0.4767	{'neg': 0.039, 'neu': 0.898, 'pos': 0.063, 'compound': 0.4767}
"#PandoraPapers #PandoraLeaks - ich bin mir nicht sicher, ob jeder betroffene Promi wusste was da in seinem Namen gemacht wird - besser machtâ€™s das natÃ¼rlich nicht..
3
3"	negative	0.2477	{'neg': 0.078, 'neu': 0.809, 'pos': 0.114, 'compound': 0.2477}
"Dieser Bericht eines frÃ¼heren Kommandanten der Bundeswehr in der FAZ macht nachdenklich: #OrtskrÃ¤fte
31
312
577"	negative	0.34	{'neg': 0.0, 'neu': 0.862, 'pos': 0.138, 'compound': 0.34}
"Sowas von ganz sicher nicht!! #Impfpflicht
Nikolaus Blome
@NikolausBlome
 Â· 25. Juni 2021
Wenn die #DeltaVariante tatsÃ¤chlich die Oberhand in Deutschland gewinnt, werden wir doch noch Ã¼ber eine #Impfpflicht reden mÃ¼ssen. Denn gegen Delta gibt es #HerdenimmunitÃ¤t erst bei einer deutlich hÃ¶heren Impfquote...
15
58
258"	negative	0.7418	{'neg': 0.0, 'neu': 0.875, 'pos': 0.125, 'compound': 0.7418}
"â€žNeue Studie zeigt, dass befristete Jobangebote ArbeitgeberattraktivitÃ¤t deutlich senken. Befristungspraxis der AG verlagert nicht nur ungerechtfertigt das unternehmerische Risiko auf BeschÃ¤ftigten, sie ist auch wirtschaftlich unsinnig.â€œ 
@SusanneFerschl
linksfraktion.de
Schluss mit sachgrundlosen Befristungen
â€žEine neue Studie des Kienbaum-Instituts zeigt, dass befristete BeschÃ¤ftigungsangebote die ArbeitgeberattraktivitÃ¤t deutlich senken und Bewerber abschrecken. Die Befristungspraxis der Arbeitgeber...
3
5
21"	negative	0.5493	{'neg': 0.117, 'neu': 0.724, 'pos': 0.158, 'compound': 0.5493}
"Auch 35 Jahre nach dem Super-GAU bleibt #Tschernobyl unverÃ¤ndert Mahnmal fÃ¼r das massive Sicherheitsrisiko der Atomkraft.

Was jetzt getan werden muss, erklÃ¤rt Sylvia @KottingUhl. 
38
33
96"	negative	0.0772	{'neg': 0.0, 'neu': 0.952, 'pos': 0.048, 'compound': 0.0772}
"NEIN!
Ehrgeizige Ziele und Freiheit treiben Entwicklungen voran!
Turbo statt Veto!
3
3
16"	negative	0.8974	{'neg': 0.0, 'neu': 0.453, 'pos': 0.547, 'compound': 0.8974}
"Das ist nichts weniger als eine Relativierung des Holocaust. Anstatt locker auf der Couch zu plaudern, hÃ¤tten Frau #Baerbock und Herr #Habeck sofort intervenieren mÃ¼ssen. #dBDK21
Filipp Piatov
@fpiatov
 Â· 11. Juni 2021
FrÃ¼her wurde gegen Juden gehetzt, jetzt gegen Klimaforscher. Gut erkannt, Carolin Emcke.
Diesen Thread anzeigen
0:13
46.278 Mal angezeigt
3
15
77"	negative	0.6597	{'neg': 0.019, 'neu': 0.885, 'pos': 0.095, 'compound': 0.6597}
"Die Aserbaidschan-Connection, die MaskenaffÃ¤ren und die Geschichten um Amthor werden da auch schnell verdrÃ¤ngt... #schwarzerfilz #ErinnerungslÃ¼cken
campact
@campact
 Â· 21. Aug. 2021
Alleinstellungsmerkmal (!) der CDU/CSU sei es, Politik nicht fÃ¼r irgendeine Lobby zu machen - behauptet @Markus_Soeder gerade allen ernstes beim #eineUnion-Wahlkampfauftakt in Berlin 

SchÃ¶n wÃ¤r's! Hier der Factcheck von @lobbycontrol
https://lobbycontrol.de/2021/03/neue-studie-die-klimabremser-lobby-im-machtzentrum-der-cdu/â€¦
6
42
231"	negative	0.508	{'neg': 0.0, 'neu': 0.942, 'pos': 0.058, 'compound': 0.508}
"Im Video der Woche thematisiere ich nach dem #Putin-#Biden-Gipfel, wie der Westen durch neue #Atomwaffen & computergesteuerte Waffensysteme den Frieden aufs Spiel setzt. Auch #BuReg will vor den Sommerferien noch RÃ¼stungsprojekte in Mrd.-HÃ¶he durchdrÃ¼cken.
youtube.com
Mit Atombomben und Killerdrohnen fÃ¼r Menschenrechte? Wie der Westen...
Auch wenn es nun ein Treffen zwischen US-PrÃ¤sident Biden und dem russischen PrÃ¤sidenten Putin gegeben hat: Die russisch-amerikanischen Beziehungen sind auf e...
20
52
228"	negative	0.8126	{'neg': 0.0, 'neu': 0.899, 'pos': 0.101, 'compound': 0.8126}
"Was fÃ¼r eine furchtbare Tat. In Gedanken bei den AngehÃ¶rigen, Familien und Freund*innen der getÃ¶teten Menschen und bei den Mitbewohner*innen und Mitarbeiter*innen des Hauses #Potsdam 
1
4
143"	negative	0.2263	{'neg': 0.105, 'neu': 0.762, 'pos': 0.133, 'compound': 0.2263}
"Morgen steht die Zinsentscheidung der 
@ecb
 an: tatsÃ¤chliche Inflation + Inflationserwartungen liegen deutlich Ã¼ber dem 2%-Zielwert. Wenn die EZB ihr Mandat ernst nimmt, wird es Zeit, dass sie nun gegensteuert. Andernfalls geht das Vertrauen in die gemeinsame WÃ¤hrung verloren! 1/3
1
3
8"	negative	0.1007	{'neg': 0.108, 'neu': 0.774, 'pos': 0.117, 'compound': 0.1007}
"Wer sich den ganzen Redeteil ansieht, merkt, dass Ihre Versuche der BeschÃ¶nigung pure Rabulistik sind.
@ArminLaschet
 bezieht sich auf den wenig witzigen aber gÃ¤nzlich unmissverstÃ¤ndlichen Kalauer von Franz-Josef StrauÃŸ und fÃ¤hrt dann mit wirtschaftspolitischen Passagen fort.
Tanit Koch
@tanit
 Â· 12. Sep. 2021
Ihr Video ist verfÃ¤lschend gekÃ¼rzt, @KuehniKev. Sie verbreiten gezielt #Desinformation. Der ganze Satz lautet: ""In all den Entscheidungen der Nachkriegsgeschichte standen Sozialdemokraten immer auf der falschen Seite in der Wirtschafts- und Finanzpolitik.â€ twitter.com/KuehniKev/statâ€¦
Diesen Thread anzeigen
39
4
25"	negative	0.34	{'neg': 0.025, 'neu': 0.922, 'pos': 0.053, 'compound': 0.34}
"Die PlÃ¤ne der Kanzlerin, #3G in ZÃ¼gen einzufÃ¼hren, zeigt erneut, dass sie jeglichen Sinn fÃ¼r VerhÃ¤ltnismÃ¤ÃŸigkeit verloren hat. FÃ¼r unsere Verkehrspolitiker 
@DirkSpaniel
 & 
@WolfgangWiehle
 steht fest: ""Wir stellen uns klar gegen die 3G-Regelung in ZÃ¼gen!""
afdbundestag.de
Spaniel: Mit 3G in ZÃ¼gen verliert Kanzlerin Merkel jedes MaÃŸ
Berlin, 27. August 2021. Der verkehrspolitische Sprecher der AfD-Bundestagsfraktion, Dirk Spaniel, Ã¤uÃŸert sich zu den PlÃ¤nen der Bundeskanzlerin, in ZÃ¼gen die 3G-Regelung einzufÃ¼hren: â€žMit diesen...
19
46
147"	negative	0.5707	{'neg': 0.061, 'neu': 0.832, 'pos': 0.106, 'compound': 0.5707}
"Der #AbortionBan in Texas, macht SchwangerschaftsabbrÃ¼che fast unmÃ¶glich. Dieser Thread sammelt die Schicksale von Frauen, die unter der neuen Regel nicht mehr abtreiben dÃ¼rfen. Es ist kaum zu ertragen.
buttitwins defense squad
@gracieminabox
 Â· 1. Sep. 2021
Tonight I'm thinking about Imani, who had a condom break the first time she had sex. Six and a half weeks.
Diesen Thread anzeigen
11
76
292"	negative	0.802	{'neg': 0.0, 'neu': 0.878, 'pos': 0.122, 'compound': 0.802}
"Extremismus, #Antisemitismus & Hetze gegen #Israel haben keinen Platz auf unseren StraÃŸen. Es ist gut, dass der #Bundestag das Zeigen von Symbolen von Terrororganisationen, wie der Hamas, unter Strafe gestellt hat. Das ist wehrhafte Demokratie.
tagesschau.de
Bundestag beschlieÃŸt Strafgesetze gegen rechte Hetze
Im Kampf gegen Rechtsextremismus, Rassismus und Antisemitismus hat der Bundestag mehrere Gesetzespakete beschlossen: So steht kÃ¼nftig die Verbreitung von ""Feindeslisten"" unter Strafe. Das Parlament...
131
33
94"	negative	0.2023	{'neg': 0.041, 'neu': 0.893, 'pos': 0.066, 'compound': 0.2023}
